burst_id,time_label,weather_label,scene_label,scene_kind,zoom_label,frame_count,width,height,burst_temporal_noise_mean,burst_temporal_noise_median,burst_temporal_noise_p90,burst_temporal_noise_max,burst_mean_y_std,burst_mean_y_range,burst_mean_y_drift,burst_g_over_r_range,burst_g_over_b_range,burst_green_excess_range,burst_edge_density_range,burst_high_freq_range,burst_high_freq_rel_range,unstable_luma,unstable_color,unstable_detail,unstable_auto,hot_persistence_count_25,hot_persistence_count_50,hot_persistence_count_75,hot_persistence_ratio_25,hot_persistence_ratio_50,hot_persistence_ratio_75,map_temporal_std,map_hot_persistence,map_hot_fixed_mask,map_flat_shading,map_flat_green_excess
morning/cloudy/building/1x,morning,cloudy,building,outdoor,1x,50,1920,1080,20.02492904663086,16.050220489501953,42.17255325317383,92.27474975585938,1.2244707345962524,4.50836181640625,-4.4766082763671875,0.0025905370712280273,0.004449248313903809,0.47027587890625,0.026494015008211136,312.75732421875,0.8966657279211984,False,False,True,True,0,0,0,0.0,0.0,0.0,,,,,
morning/cloudy/building/3x,morning,cloudy,building,outdoor,3x,50,1920,1080,3.280210494995117,2.376215696334839,5.927056789398193,98.81881713867188,0.16463346779346466,0.5728912353515625,-0.557373046875,0.0031424760818481445,0.002344965934753418,0.2532958984375,0.013559993356466293,239.05941772460938,1.2600495878616191,False,False,True,True,0,0,0,0.0,0.0,0.0,,,,,
morning/cloudy/building/5x,morning,cloudy,building,outdoor,5x,50,1920,1080,3.3905980587005615,2.289104461669922,5.720874309539795,80.03726959228516,0.3501156270503998,1.0905914306640625,-0.22845458984375,0.004041314125061035,0.001959562301635742,0.3293876647949219,0.007762346416711807,138.68348693847656,0.8231654715753666,False,False,True,True,0,0,0,0.0,0.0,0.0,,,,,
morning/cloudy/building/7x,morning,cloudy,building,outdoor,7x,50,1920,1080,4.4621148109436035,2.338888645172119,10.900086784362806,79.58599853515625,0.9064691662788391,4.5140380859375,4.5140380859375,0.0057746171951293945,0.01000988483428955,0.8266754150390625,0.016067707911133766,84.92787170410156,1.4817311198615686,False,False,True,True,0,0,0,0.0,0.0,0.0,,,,,
morning/cloudy/mixed/1x,morning,cloudy,mixed,outdoor,1x,50,1920,1080,3.6278116703033447,2.184032440185547,7.853253412246704,114.81609344482422,0.12054251879453659,0.4652862548828125,-0.383087158203125,0.0007756948471069336,0.0033551454544067383,0.26392364501953125,0.002438753843307495,77.30377197265625,0.15198028100533034,False,False,False,False,0,0,0,0.0,0.0,0.0,,,,,
morning/cloudy/mixed/3x,morning,cloudy,mixed,outdoor,3x,50,1920,1080,5.987236499786377,4.121601581573486,12.043670654296875,95.50263977050781,1.062630534172058,3.6859130859375,-3.6859130859375,0.0036156177520751953,0.006654143333435059,0.4811248779296875,0.022528938949108124,363.0373229980469,0.884281144077745,False,False,True,True,0,0,0,0.0,0.0,0.0,,,,,
morning/cloudy/mixed/5x,morning,cloudy,mixed,outdoor,5x,50,1920,1080,8.969305992126465,6.711184024810791,17.830313682556152,97.44379425048828,0.5083736181259155,2.1222381591796875,-2.118438720703125,0.002001523971557617,0.0029460787773132324,0.34720611572265625,0.04521894454956055,552.7308349609375,0.8566563348197409,False,False,True,True,0,0,0,0.0,0.0,0.0,,,,,
morning/cloudy/mixed/7x,morning,cloudy,mixed,outdoor,7x,50,1920,1080,12.067047119140625,8.227004051208496,26.579421997070312,96.1970443725586,0.09240120649337769,0.4049530029296875,-0.303131103515625,0.0058634281158447266,0.0050522685050964355,0.6172561645507812,0.0871305912733078,677.613525390625,1.2416361361383053,False,False,True,True,4,0,0,1.9290123456790124e-06,0.0,0.0,,,,,
morning/cloudy/road_shaded/1x,morning,cloudy,road_shaded,outdoor,1x,100,1920,1080,39.54492950439453,36.884864807128906,72.02351150512696,122.3466796875,1.3603057861328125,4.078437805175781,-2.2480392456054688,0.004973173141479492,0.006525397300720215,0.6375236511230469,0.04397521913051605,1047.7158203125,0.6418794123515965,False,False,True,True,0,0,0,0.0,0.0,0.0,,,,,
morning/cloudy/road_shaded/3x,morning,cloudy,road_shaded,outdoor,3x,100,1920,1080,42.93761444091797,42.93796157836914,67.84756164550782,120.0280990600586,3.0834667682647705,7.271705627441406,6.33843994140625,0.05572044849395752,0.0341801643371582,5.230064392089844,0.08717737346887589,1118.9525146484375,0.9822652448380113,False,False,True,True,0,0,0,0.0,0.0,0.0,,,,,
morning/cloudy/road_shaded/5x,morning,cloudy,road_shaded,outdoor,5x,100,1920,1080,45.41746520996094,44.321197509765625,74.32279510498047,115.35713958740234,5.715904712677002,15.100196838378906,15.100196838378906,0.08208441734313965,0.029147863388061523,6.183311462402344,0.10255305469036102,1070.904296875,1.1621502563888129,True,False,True,True,0,0,0,0.0,0.0,0.0,,,,,
morning/cloudy/road_shaded/7x,morning,cloudy,road_shaded,outdoor,7x,100,1920,1080,33.19287872314453,31.872472763061523,54.18807678222657,107.34386444091797,3.437300682067871,13.94903564453125,6.7989959716796875,0.06305623054504395,0.04457569122314453,4.177661895751953,0.1854933351278305,887.7073974609375,6.627219160449583,True,False,True,True,0,0,0,0.0,0.0,0.0,,,,,
morning/sunny/dark/1x,morning,sunny,dark,calibration_dark,1x,50,1920,1080,7.328258037567139,6.478425979614258,11.437641143798828,73.35409545898438,2.002930164337158,8.127252578735352,1.1472740173339844,0.17276835441589355,0.20302623510360718,5.236502647399902,0.09571662545204163,1124.96630859375,2.6063671612361525,False,False,True,True,3435,1096,266,0.0016565393518518517,0.0005285493827160494,0.0001282793209876543,/home/jshong/Code/unfied-sr-denoise-platform/results/mc_g105_analysis/flat_dark_morningcloudy/maps/morning_sunny_dark_1x_temporal_std.png,/home/jshong/Code/unfied-sr-denoise-platform/results/mc_g105_analysis/flat_dark_morningcloudy/maps/morning_sunny_dark_1x_hot_persistence.png,,,
morning/sunny/dark/7x,morning,sunny,dark,calibration_dark,7x,50,1920,1080,7.227219581604004,6.397531032562256,11.236797332763672,71.722412109375,2.187406539916992,10.162388801574707,0.7856655120849609,0.1616724133491516,0.12322300672531128,2.101865768432617,0.13456740975379944,816.6383056640625,2.3000742141302086,False,False,True,True,3068,975,261,0.0014795524691358026,0.00047019675925925923,0.00012586805555555555,/home/jshong/Code/unfied-sr-denoise-platform/results/mc_g105_analysis/flat_dark_morningcloudy/maps/morning_sunny_dark_7x_temporal_std.png,/home/jshong/Code/unfied-sr-denoise-platform/results/mc_g105_analysis/flat_dark_morningcloudy/maps/morning_sunny_dark_7x_hot_persistence.png,,,
morning/sunny/flat/1x,morning,sunny,flat,calibration_flat,1x,50,1920,1080,9.503158569335938,8.87819766998291,13.885300636291504,60.01660919189453,0.5202368497848511,2.0466766357421875,0.47882080078125,0.0,5.53131103515625e-05,0.00417327880859375,0.2676900029182434,1545.85205078125,1.2625327371738846,False,False,True,True,444,83,35,0.00021412037037037038,4.0027006172839503e-05,1.6878858024691356e-05,/home/jshong/Code/unfied-sr-denoise-platform/results/mc_g105_analysis/flat_dark_morningcloudy/maps/morning_sunny_flat_1x_temporal_std.png,/home/jshong/Code/unfied-sr-denoise-platform/results/mc_g105_analysis/flat_dark_morningcloudy/maps/morning_sunny_flat_1x_hot_persistence.png,,/home/jshong/Code/unfied-sr-denoise-platform/results/mc_g105_analysis/flat_dark_morningcloudy/maps/morning_sunny_flat_1x_flat_shading.png,/home/jshong/Code/unfied-sr-denoise-platform/results/mc_g105_analysis/flat_dark_morningcloudy/maps/morning_sunny_flat_1x_flat_green_excess.png
morning/sunny/flat/3x,morning,sunny,flat,calibration_flat,3x,50,1920,1080,5.954268932342529,5.779307842254639,7.81751823425293,25.87063980102539,0.2473669946193695,0.9613189697265625,-0.1569061279296875,0.0,0.0,0.0,0.05246672406792641,619.5930786132812,0.9834654497954969,False,False,True,True,1377,506,259,0.0006640625,0.00024402006172839506,0.00012490354938271604,/home/jshong/Code/unfied-sr-denoise-platform/results/mc_g105_analysis/flat_dark_morningcloudy/maps/morning_sunny_flat_3x_temporal_std.png,/home/jshong/Code/unfied-sr-denoise-platform/results/mc_g105_analysis/flat_dark_morningcloudy/maps/morning_sunny_flat_3x_hot_persistence.png,,/home/jshong/Code/unfied-sr-denoise-platform/results/mc_g105_analysis/flat_dark_morningcloudy/maps/morning_sunny_flat_3x_flat_shading.png,/home/jshong/Code/unfied-sr-denoise-platform/results/mc_g105_analysis/flat_dark_morningcloudy/maps/morning_sunny_flat_3x_flat_green_excess.png
morning/sunny/flat/5x,morning,sunny,flat,calibration_flat,5x,50,1920,1080,5.975019454956055,5.790889263153076,7.866101312637329,23.149852752685547,0.4653049409389496,1.930206298828125,0.5907135009765625,0.000690162181854248,0.001392960548400879,0.15287017822265625,0.04949122294783592,604.4267578125,0.937829047250867,False,False,True,True,1596,586,321,0.0007696759259259259,0.0002826003086419753,0.00015480324074074075,/home/jshong/Code/unfied-sr-denoise-platform/results/mc_g105_analysis/flat_dark_morningcloudy/maps/morning_sunny_flat_5x_temporal_std.png,/home/jshong/Code/unfied-sr-denoise-platform/results/mc_g105_analysis/flat_dark_morningcloudy/maps/morning_sunny_flat_5x_hot_persistence.png,,/home/jshong/Code/unfied-sr-denoise-platform/results/mc_g105_analysis/flat_dark_morningcloudy/maps/morning_sunny_flat_5x_flat_shading.png,/home/jshong/Code/unfied-sr-denoise-platform/results/mc_g105_analysis/flat_dark_morningcloudy/maps/morning_sunny_flat_5x_flat_green_excess.png
morning/sunny/flat/7x,morning,sunny,flat,calibration_flat,7x,50,1920,1080,6.109917640686035,5.984145641326904,8.124654769897461,19.483903884887695,0.33850711584091187,1.05670166015625,0.587982177734375,0.006230711936950684,0.0046759843826293945,0.8099212646484375,0.05422067642211914,632.7711791992188,0.9454454726509961,False,False,True,True,514,271,169,0.00024787808641975307,0.0001306905864197531,8.150077160493827e-05,/home/jshong/Code/unfied-sr-denoise-platform/results/mc_g105_analysis/flat_dark_morningcloudy/maps/morning_sunny_flat_7x_temporal_std.png,/home/jshong/Code/unfied-sr-denoise-platform/results/mc_g105_analysis/flat_dark_morningcloudy/maps/morning_sunny_flat_7x_hot_persistence.png,,/home/jshong/Code/unfied-sr-denoise-platform/results/mc_g105_analysis/flat_dark_morningcloudy/maps/morning_sunny_flat_7x_flat_shading.png,/home/jshong/Code/unfied-sr-denoise-platform/results/mc_g105_analysis/flat_dark_morningcloudy/maps/morning_sunny_flat_7x_flat_green_excess.png
