time_label,weather_label,scene_label,scene_kind,zoom_label,image_count,burst_count,mean_r_mean,mean_r_median,mean_r_p10,mean_r_p90,mean_r_std,mean_g_mean,mean_g_median,mean_g_p10,mean_g_p90,mean_g_std,mean_b_mean,mean_b_median,mean_b_p10,mean_b_p90,mean_b_std,std_r_mean,std_r_median,std_r_p10,std_r_p90,std_r_std,std_g_mean,std_g_median,std_g_p10,std_g_p90,std_g_std,std_b_mean,std_b_median,std_b_p10,std_b_p90,std_b_std,mean_y_mean,mean_y_median,mean_y_p10,mean_y_p90,mean_y_std,std_y_mean,std_y_median,std_y_p10,std_y_p90,std_y_std,mean_cr_mean,mean_cr_median,mean_cr_p10,mean_cr_p90,mean_cr_std,mean_cb_mean,mean_cb_median,mean_cb_p10,mean_cb_p90,mean_cb_std,std_cr_mean,std_cr_median,std_cr_p10,std_cr_p90,std_cr_std,std_cb_mean,std_cb_median,std_cb_p10,std_cb_p90,std_cb_std,tint_rg_mean,tint_rg_median,tint_rg_p10,tint_rg_p90,tint_rg_std,tint_bg_mean,tint_bg_median,tint_bg_p10,tint_bg_p90,tint_bg_std,g_over_r_mean,g_over_r_median,g_over_r_p10,g_over_r_p90,g_over_r_std,g_over_b_mean,g_over_b_median,g_over_b_p10,g_over_b_p90,g_over_b_std,green_excess_mean,green_excess_median,green_excess_p10,green_excess_p90,green_excess_std,green_excess_norm_mean,green_excess_norm_median,green_excess_norm_p10,green_excess_norm_p90,green_excess_norm_std,chroma_mottle_std_mean,chroma_mottle_std_median,chroma_mottle_std_p10,chroma_mottle_std_p90,chroma_mottle_std_std,edge_density_mean,edge_density_median,edge_density_p10,edge_density_p90,edge_density_std,high_freq_energy_mean,high_freq_energy_median,high_freq_energy_p10,high_freq_energy_p90,high_freq_energy_std,dark_region_ratio_mean,dark_region_ratio_median,dark_region_ratio_p10,dark_region_ratio_p90,dark_region_ratio_std,dark_noise_std_mean,dark_noise_std_median,dark_noise_std_p10,dark_noise_std_p90,dark_noise_std_std,hot_pixel_ratio_mean,hot_pixel_ratio_median,hot_pixel_ratio_p10,hot_pixel_ratio_p90,hot_pixel_ratio_std,hot_pixel_count_mean,hot_pixel_count_median,hot_pixel_count_p10,hot_pixel_count_p90,hot_pixel_count_std,y_clip_low_ratio_mean,y_clip_low_ratio_median,y_clip_low_ratio_p10,y_clip_low_ratio_p90,y_clip_low_ratio_std,y_clip_high_ratio_mean,y_clip_high_ratio_median,y_clip_high_ratio_p10,y_clip_high_ratio_p90,y_clip_high_ratio_std,rgb_clip_low_ratio_mean,rgb_clip_low_ratio_median,rgb_clip_low_ratio_p10,rgb_clip_low_ratio_p90,rgb_clip_low_ratio_std,rgb_clip_high_ratio_mean,rgb_clip_high_ratio_median,rgb_clip_high_ratio_p10,rgb_clip_high_ratio_p90,rgb_clip_high_ratio_std,flat_shading_range_norm_mean,flat_shading_range_norm_median,flat_shading_range_norm_p10,flat_shading_range_norm_p90,flat_shading_range_norm_std,flat_center_corner_y_ratio_mean,flat_center_corner_y_ratio_median,flat_center_corner_y_ratio_p10,flat_center_corner_y_ratio_p90,flat_center_corner_y_ratio_std,flat_center_g_over_r_mean,flat_center_g_over_r_median,flat_center_g_over_r_p10,flat_center_g_over_r_p90,flat_center_g_over_r_std,flat_center_g_over_b_mean,flat_center_g_over_b_median,flat_center_g_over_b_p10,flat_center_g_over_b_p90,flat_center_g_over_b_std,burst_temporal_noise_mean_mean,burst_temporal_noise_mean_median,burst_temporal_noise_mean_p10,burst_temporal_noise_mean_p90,burst_temporal_noise_mean_std,burst_temporal_noise_p90_mean,burst_temporal_noise_p90_median,burst_temporal_noise_p90_p10,burst_temporal_noise_p90_p90,burst_temporal_noise_p90_std,burst_mean_y_range_mean,burst_mean_y_range_median,burst_mean_y_range_p10,burst_mean_y_range_p90,burst_mean_y_range_std,burst_green_excess_range_mean,burst_green_excess_range_median,burst_green_excess_range_p10,burst_green_excess_range_p90,burst_green_excess_range_std,burst_high_freq_range_mean,burst_high_freq_range_median,burst_high_freq_range_p10,burst_high_freq_range_p90,burst_high_freq_range_std,hot_persistence_ratio_25_mean,hot_persistence_ratio_25_median,hot_persistence_ratio_25_p10,hot_persistence_ratio_25_p90,hot_persistence_ratio_25_std,hot_persistence_ratio_50_mean,hot_persistence_ratio_50_median,hot_persistence_ratio_50_p10,hot_persistence_ratio_50_p90,hot_persistence_ratio_50_std,hot_persistence_ratio_75_mean,hot_persistence_ratio_75_median,hot_persistence_ratio_75_p10,hot_persistence_ratio_75_p90,hot_persistence_ratio_75_std
morning,cloudy,building,outdoor,1x,50,1,133.46341278076173,133.85388946533203,130.7097961425781,134.32095336914062,1.2456977816771337,135.46700958251952,135.88245391845703,132.7444290161133,136.35083770751953,1.2501676702453428,134.7450326538086,135.07611846923828,132.39993286132812,135.49116973876954,1.0678371418081078,57.46316848754883,57.48301696777344,57.088742065429685,58.00829086303711,0.3355471935319971,55.16788314819336,55.255794525146484,54.808192825317384,55.40257797241211,0.2588637179890438,54.94412322998047,55.01816368103027,54.61328239440918,55.168832015991214,0.23831556659180816,134.7379608154297,135.1338119506836,132.05594635009766,135.59619903564453,1.224470715049585,55.74293815612793,55.81323051452637,55.38906898498535,56.054730606079104,0.26822298607321454,127.01870864868164,127.01753997802734,126.98153915405274,127.05640106201172,0.03259757166236396,127.9859750366211,127.94230270385742,127.92254257202148,128.17440643310547,0.09461622933261359,3.668805088996887,3.6346068382263184,3.515806698799133,3.895259976387024,0.1395564340567607,2.4009429740905763,2.3305073976516724,2.2880248546600344,2.7542364835739135,0.17270626686825805,-2.0035968017578125,-2.0195159912109375,-2.0591445922851563,-1.9263107299804687,0.06912636758335755,-0.7219769287109375,-0.8104476928710938,-0.8766616821289063,-0.336175537109375,0.20441870788447442,1.0150134843180494,1.0151027457986488,1.014400798042174,1.0155394637475992,0.0005313923857963155,1.0053478121991137,1.0059985304065524,1.0025254556992884,1.0064725649390258,0.0014932178094698527,1.362786865234375,1.4199905395507812,1.1628105163574218,1.4679031372070312,0.12107338626438142,0.010108757880731093,0.010499548905461377,0.008815529610419783,0.010828719468034676,0.0008331706773666826,1.539289951324463,1.481091856956482,1.3665085911750794,1.8406066656112672,0.16890651444414342,0.07086720679012344,0.07234254436728395,0.058714699074074075,0.08091005979938272,0.008943341479689412,357.10338989257815,348.8003692626953,227.120751953125,484.0084686279297,96.98243002492465,0.04444215856481481,0.04518156828703704,0.041530237268518524,0.04682228973765432,0.0020509388163806905,6.243222093582153,6.3636474609375,5.791325187683105,6.414410543441773,0.25003083179775243,0.0,0.0,0.0,0.0,0.0,0.0,0.0,0.0,0.0,0.0,2.6523919753086423e-06,1.9290123456790124e-06,9.645061728395062e-07,5.35300925925926e-06,1.8458390440783793e-06,0.0029942708333333336,0.003054108796296296,0.002661554783950617,0.0031977719907407406,0.0002119965225032237,6.792052469135803e-05,6.727430555555556e-05,5.719521604938272e-05,8.357445987654321e-05,1.0958657845941165e-05,0.005855603780864197,0.005872154706790124,0.005513744212962963,0.0062277199074074075,0.00027733340941554183,0.8337027710258564,0.8134604184793992,0.8120796537779255,0.925186434475835,0.04200982357411037,1.1299218065601602,1.1196033602777735,1.118918007826758,1.1765869677180307,0.021738633360963697,1.0134736008084257,1.0137804204965537,1.011839493026192,1.014251198783413,0.0008923851081792198,1.0086148113234181,1.00876300531215,1.008160035761806,1.0090891984366108,0.0005056711296492071,20.02492904663086,20.02492904663086,20.02492904663086,20.02492904663086,0.0,42.17255325317382,42.17255325317383,42.17255325317383,42.17255325317383,1.4210854715202004e-14,4.50836181640625,4.50836181640625,4.50836181640625,4.50836181640625,0.0,0.47027587890625,0.47027587890625,0.47027587890625,0.47027587890625,0.0,312.75732421875,312.75732421875,312.75732421875,312.75732421875,0.0,0.0,0.0,0.0,0.0,0.0,0.0,0.0,0.0,0.0,0.0,0.0,0.0,0.0,0.0,0.0
morning,cloudy,building,outdoor,3x,50,1,128.7019873046875,128.65967559814453,128.47106170654297,129.04730529785155,0.20682507931230557,131.26580596923827,131.23025512695312,131.07867889404298,131.51297760009766,0.15359014799541762,130.44711486816405,130.4201431274414,130.23602600097655,130.68544311523436,0.16499513573773586,59.00052337646484,58.945987701416016,58.589756393432616,59.45801544189453,0.3325946498632545,55.419223403930665,55.228660583496094,55.00230865478515,56.02267723083496,0.3855599186129052,55.12372016906738,54.95120620727539,54.61958999633789,55.78032341003418,0.4127284376128931,130.35421600341797,130.28076171875,130.21197357177735,130.64022521972657,0.1646334688912881,56.39543418884277,56.23686599731445,55.974191665649414,56.958448028564455,0.3695403356029743,126.75610885620117,126.73028945922852,126.6659164428711,126.85903091430664,0.07235797093687493,128.0618731689453,128.07389068603516,127.99395141601562,128.11609344482423,0.04669810983915937,3.286726212501526,3.289175033569336,3.2610949754714964,3.3186853647232057,0.022144488463127353,2.6333207416534425,2.643658757209778,2.602996897697449,2.656176233291626,0.02070957076432072,-2.5638186645507814,-2.5939254760742188,-2.7430404663085937,-2.3660003662109377,0.14043273468485112,-0.8186911010742187,-0.8251800537109375,-0.877447509765625,-0.7395263671875,0.06307482162441315,1.0199218012788953,1.0201479451904187,1.018380993483443,1.021347085257913,0.0011132992469805895,1.006276264209557,1.0063293933179494,1.0056625965966686,1.0067340134294505,0.0004857162166912813,1.6912548828125,1.7119865417480469,1.597637939453125,1.7863250732421876,0.07423360025636518,0.012974493502470494,0.01309877529951032,0.012247337370993422,0.013718082203904493,0.0005738166685974873,0.9466018223762512,0.9360982179641724,0.8710179507732392,1.0412742257118226,0.0550724294536496,0.03605827546296297,0.0341235050154321,0.031198109567901235,0.041857156635802466,0.004191990296248952,220.13486572265626,189.72223663330078,161.17713775634766,309.866064453125,61.73175673607355,0.06947299382716049,0.06932195216049383,0.06703780864197531,0.07270785108024691,0.002075613039581289,8.317254810333251,8.317632675170898,8.28953504562378,8.356865310668946,0.030827337729300665,0.0,0.0,0.0,0.0,0.0,0.0,0.0,0.0,0.0,0.0,2.025462962962963e-07,0.0,0.0,9.645061728395062e-07,4.6346503768263746e-07,0.0076858024691358025,0.007385223765432099,0.006953076774691358,0.00906693672839506,0.000754512200988869,8.101851851851852e-07,4.822530864197531e-07,0.0,1.4949845679012351e-06,8.432674766355861e-07,0.01484435763888889,0.014790219907407406,0.014671537422839505,0.015055025077160493,0.00014992092990333524,0.9674595375099484,0.9674576373825927,0.9659902198639947,0.9690267814934123,0.0012312926410298578,1.070561572948082,1.0707353708391667,1.0679819415725504,1.0730265336350582,0.0018860740704237126,1.0293788181136798,1.0298427775629029,1.0268733026793762,1.0311532402014945,0.0015497607806140518,1.0052889582039535,1.0052419350793276,1.004248634192341,1.0065984951748772,0.0008275415013713115,3.280210494995117,3.280210494995117,3.280210494995117,3.280210494995117,0.0,5.927056789398193,5.927056789398193,5.927056789398193,5.927056789398193,0.0,0.5728912353515625,0.5728912353515625,0.5728912353515625,0.5728912353515625,0.0,0.2532958984375,0.2532958984375,0.2532958984375,0.2532958984375,0.0,239.05941772460938,239.05941772460938,239.05941772460938,239.05941772460938,0.0,0.0,0.0,0.0,0.0,0.0,0.0,0.0,0.0,0.0,0.0,0.0,0.0,0.0,0.0,0.0
morning,cloudy,building,outdoor,5x,50,1,127.6384765625,127.65008544921875,127.14557800292968,128.11187591552735,0.3601925233823815,130.55144653320312,130.64655303955078,129.98203125,131.0464874267578,0.36486291660174014,129.58934234619142,129.65713500976562,129.09793090820312,129.98941955566406,0.3243276264751836,61.53994483947754,61.16750526428223,60.77638282775879,62.80514373779297,0.8174671749356904,57.74490242004394,57.3685302734375,56.9548152923584,59.036983489990234,0.850602093520595,57.70128143310547,57.39237976074219,56.84344635009766,58.93423080444336,0.8323065532057025,129.49721435546874,129.59867095947266,128.9667953491211,129.97101440429688,0.3501156309820567,58.782294006347655,58.41221618652344,58.01217460632324,60.06064338684082,0.8378941524532649,126.60298294067383,126.62424850463867,126.47334365844726,126.66716613769532,0.07005647433380269,128.04861648559572,128.02828216552734,128.00709075927733,128.1248001098633,0.045033071720269345,3.985923352241516,3.9900755882263184,3.9561660289764404,4.005515909194946,0.01644982436165492,3.0647404956817628,3.0589523315429688,3.004288172721863,3.134170985221863,0.05058445636686478,-2.912969970703125,-2.87042236328125,-3.15662841796875,-2.7856170654296877,0.13858483555611464,-0.9621041870117187,-0.9785995483398438,-1.055206298828125,-0.85546875,0.0728495664176087,1.0228226950318704,1.0224744108150416,1.0217936501618101,1.0247454964498626,0.001099182913887758,1.0074236180936607,1.0075430243429089,1.006585618875217,1.0081174877661137,0.0005531333894833587,1.9375370788574218,1.9274311065673828,1.8528266906738282,2.0129302978515624,0.07080211355764496,0.014961453933461977,0.014888791032731304,0.014364480229114521,0.015529950126571762,0.0005307002757767745,1.0610637533664704,1.041131615638733,0.9887337803840637,1.2257302522659301,0.08749094207978282,0.028236043595679012,0.029064670138888887,0.025679542824074073,0.0301421199845679,0.0018938224000708394,161.4218899536133,168.47583770751953,125.37184219360351,187.99178314208984,29.528576011987294,0.04334579475308643,0.04105179398148148,0.03842013888888889,0.050768036265432095,0.0046724364492768,7.50374815940857,7.298660039901733,7.134590768814087,8.142005252838135,0.41442770911099036,0.0,0.0,0.0,0.0,0.0,0.0,0.0,0.0,0.0,0.0,9.645061728395062e-09,0.0,0.0,0.0,6.751543209876544e-08,0.0051531635802469136,0.005060763888888889,0.004752170138888889,0.005720148533950618,0.0003563842738761402,2.1026234567901233e-06,0.0,0.0,7.764274691358026e-06,4.095189170913195e-06,0.011453125000000001,0.011422405478395063,0.011276282793209877,0.011633005401234568,0.00013147843057268583,1.0380155815706336,1.0285699794392034,1.0261516179758972,1.0619119659020428,0.014954296582740043,0.840232723642261,0.8413794680675213,0.8353613920290738,0.8432698732155618,0.0030707815664579173,1.0295315855483818,1.029152800588887,1.0284776622524217,1.031649790832989,0.0011994336412147427,1.0041327568812926,1.0043087450220405,1.003175179418282,1.0048153407204257,0.0006162397865895361,3.3905980587005615,3.3905980587005615,3.3905980587005615,3.3905980587005615,0.0,5.720874309539795,5.720874309539795,5.720874309539795,5.720874309539795,0.0,1.0905914306640625,1.0905914306640625,1.0905914306640625,1.0905914306640625,0.0,0.3293876647949219,0.3293876647949219,0.3293876647949219,0.3293876647949219,0.0,138.68348693847656,138.68348693847656,138.68348693847656,138.68348693847656,0.0,0.0,0.0,0.0,0.0,0.0,0.0,0.0,0.0,0.0,0.0,0.0,0.0,0.0,0.0,0.0
morning,cloudy,building,outdoor,7x,50,1,123.98138076782226,124.29154205322266,123.19489364624023,124.71660079956055,0.9612911453808926,128.0367933654785,128.26090240478516,127.40888595581055,128.73375701904297,0.8671322049467485,127.2648893737793,127.59903717041016,126.57412414550781,127.96612548828125,0.9899936098837191,68.84114227294921,68.92535781860352,67.79299392700196,69.84585952758789,0.7296010902468159,64.32437095642089,64.40459060668945,63.198079681396486,65.34138336181641,0.7579465164253829,64.16393257141114,64.24084091186523,63.035698318481444,65.19235610961914,0.8021647449964825,126.68761337280273,126.94538879394531,126.01145782470704,127.38070602416992,0.9064691261987877,65.59761825561523,65.70453262329102,64.49838104248047,66.59701614379883,0.7471766793933571,126.00309265136718,126.01280975341797,125.9128631591797,126.07400207519531,0.05528164172869365,128.3012373352051,128.28961181640625,128.2137420654297,128.46398315429687,0.10534448240437476,4.335017614364624,4.337923765182495,4.201172542572022,4.469570922851562,0.09749156316955702,2.503611307144165,2.5037879943847656,2.430691123008728,2.5574893712997437,0.046348041741869635,-4.05541259765625,-4.035938262939453,-4.244361877441406,-3.91453857421875,0.12733170943843128,-0.7719039916992188,-0.794189453125,-0.9583587646484375,-0.415283203125,0.2362965271402974,1.032718071718101,1.03243123569113,1.0315198357286781,1.0344182830803863,0.001247956256162988,1.0060747092071751,1.0062272546034836,1.0032659936610364,1.0075098063480639,0.0019117627902857234,2.4136582946777345,2.407024383544922,2.2322837829589846,2.549211120605469,0.16426132492298498,0.019058890219883877,0.018906275387482973,0.017669101465116906,0.02022264916486108,0.0014054620837218043,1.0154696345329284,1.03493070602417,0.9067149698734284,1.1079589962959289,0.08476058523552239,0.01007914737654321,0.01130955825617284,0.002201099537037037,0.0153515625,0.0047013060280079975,59.74574630737305,57.316654205322266,37.6860855102539,85.48820114135742,19.44166829215845,0.061476302083333344,0.06142192322530864,0.055988763503086424,0.06687413194444444,0.005306339394583802,7.589702386856079,7.547886610031128,7.291105556488037,7.8715301036834715,0.25676988000498363,0.0,0.0,0.0,0.0,0.0,0.0,0.0,0.0,0.0,0.0,0.0,0.0,0.0,0.0,0.0,0.005205970293209876,0.00521556712962963,0.004877555941358025,0.005483314043209876,0.0002147498552113963,7.619598765432099e-07,0.0,0.0,1.4949845679012351e-06,2.9176750136998003e-06,0.007210185185185185,0.007118537808641976,0.0069375482253086415,0.0076310763888888895,0.000257467221669147,1.257380447958874,1.2547836447146998,1.2483227784779631,1.2646249473619233,0.010840933156076225,0.732977615834412,0.7331079076029174,0.7312071956921553,0.736258812106324,0.002918651069162107,1.0351826363379841,1.034835045282644,1.0332863008040378,1.0379918341423489,0.0021024275136110487,1.0087299561830751,1.0091200041868211,1.0048354306147738,1.0104652459614436,0.0026196949858898503,4.4621148109436035,4.4621148109436035,4.4621148109436035,4.4621148109436035,0.0,10.900086784362804,10.900086784362806,10.900086784362806,10.900086784362806,1.7763568394002505e-15,4.5140380859375,4.5140380859375,4.5140380859375,4.5140380859375,0.0,0.8266754150390625,0.8266754150390625,0.8266754150390625,0.8266754150390625,0.0,84.92787170410156,84.92787170410156,84.92787170410156,84.92787170410156,0.0,0.0,0.0,0.0,0.0,0.0,0.0,0.0,0.0,0.0,0.0,0.0,0.0,0.0,0.0,0.0
morning,cloudy,mixed,outdoor,1x,50,1,133.72405487060547,133.75530242919922,133.4988983154297,133.82421875,0.11559382694267413,136.49043701171874,136.52565002441406,136.27193298339844,136.5796371459961,0.10952250968871544,133.6139059448242,133.67416381835938,133.2064178466797,133.77828216552734,0.214650484991895,70.24210174560547,70.29904174804688,69.98107223510742,70.34682006835938,0.17084831319858576,68.38488220214843,68.45004272460938,68.1109748840332,68.47810134887695,0.17581091594731468,71.63557525634765,71.7328872680664,71.34076080322265,71.78236312866211,0.19926916853380583,135.26200378417968,135.30044555664062,135.02306518554687,135.35545043945314,0.1205425178642151,69.09316223144532,69.15956497192383,68.82004852294922,69.19393386840821,0.17599809259651844,126.84574859619141,126.84343338012695,126.83327178955078,126.86127548217773,0.011387901191593991,127.01320205688477,127.03682708740234,126.91501007080078,127.06601486206054,0.058251119874884634,5.302392272949219,5.295529842376709,5.277021789550782,5.332519960403443,0.023954366067494258,5.108134441375732,5.108273983001709,5.089198589324951,5.127558755874634,0.01651336272180807,-2.766382141113281,-2.76922607421875,-2.7959747314453125,-2.7300445556640627,0.02325416462501757,-2.876531066894531,-2.8238677978515625,-3.0741851806640623,-2.7714599609375,0.1188428222927766,1.0206873050919347,1.0207365846056746,1.0204061413921723,1.0209131503746973,0.00018096884939859036,1.0215300812323544,1.0211254756200372,1.0207192343432934,1.0230875187869004,0.0009237862860890139,2.8214566040039064,2.7998123168945312,2.758248138427734,2.9178398132324217,0.062383417607748466,0.020859544138635867,0.020699205131289,0.020371847276508055,0.021616798066246022,0.00047676328458550116,2.2738648414611817,2.2708016633987427,2.2381632804870604,2.3173815488815306,0.03002877038813019,0.07926189236111111,0.07922453703703704,0.07867896412037037,0.08001335841049383,0.0005500389892841075,512.9025653076172,508.6434326171875,494.0574157714844,535.0832153320313,16.65693335059518,0.07795366512345679,0.07805483217592593,0.07737263695987655,0.07854663387345678,0.0005808625341781379,7.261375646591187,7.251708030700684,7.2167229652404785,7.306785726547242,0.03898415748547959,0.0,0.0,0.0,0.0,0.0,0.0,0.0,0.0,0.0,0.0,2.125771604938271e-05,2.097800925925926e-05,1.3937114197530866e-05,2.7006172839506174e-05,5.634598503723526e-06,0.004433207947530864,0.0044627700617283945,0.004296633873456791,0.004497878086419753,7.39475787100729e-05,0.0018861014660493827,0.0018803047839506173,0.0017340856481481482,0.002027681327160494,0.00011566642941388729,0.017113541666666666,0.017158323688271603,0.016956548996913578,0.017279658564814816,0.00018360351666364303,1.3459023990088255,1.3464644077398076,1.3440652675962235,1.3473133238860877,0.0017530623914244932,0.8513168663577096,0.8511885960197887,0.8510262771042972,0.8519485261675832,0.00038656240171871766,1.057561352023662,1.0575929328345839,1.057150641614721,1.057961845666632,0.0003223790107469614,1.0041016963616527,1.0037304179217008,1.0031533244475481,1.0055302927120398,0.0009134222518460349,3.6278116703033447,3.6278116703033447,3.6278116703033447,3.6278116703033447,0.0,7.853253412246704,7.853253412246704,7.853253412246704,7.853253412246704,0.0,0.4652862548828125,0.4652862548828125,0.4652862548828125,0.4652862548828125,0.0,0.26392364501953125,0.26392364501953125,0.26392364501953125,0.26392364501953125,0.0,77.30377197265625,77.30377197265625,77.30377197265625,77.30377197265625,0.0,0.0,0.0,0.0,0.0,0.0,0.0,0.0,0.0,0.0,0.0,0.0,0.0,0.0,0.0,0.0
morning,cloudy,mixed,outdoor,3x,50,1,138.93758422851562,138.8008041381836,137.58161010742188,140.64344635009766,1.120752637026569,143.2343716430664,143.10831451416016,142.02881317138673,144.93282470703124,1.0663587247572952,142.33532928466798,142.33035278320312,141.1379150390625,143.58100280761718,0.8693619078749425,50.984993057250975,50.74555206298828,48.94313049316406,53.19533462524414,1.576797209994032,47.378626327514645,47.17159461975098,45.1943603515625,49.673377227783206,1.6107872215121348,49.303931121826174,49.00161552429199,47.33974075317383,51.58987121582031,1.5562872264362635,141.77498901367187,141.65113067626953,140.51171417236327,143.4347381591797,1.062630604093182,48.39931419372559,48.17821502685547,46.29916877746582,50.64463386535645,1.579548008606995,125.90940185546874,125.92303085327148,125.82095489501953,125.95010070800781,0.05194470161257209,128.23533081054688,128.25123596191406,128.00306243896483,128.38670501708984,0.13523342130682567,5.101953077316284,5.018259525299072,4.808461618423462,5.477446842193603,0.24919274634080843,5.147793245315552,5.08864951133728,5.0480812072753904,5.342007875442505,0.11456436480260687,-4.296787414550781,-4.258277893066406,-4.485052490234375,-4.205381774902344,0.10448705628577376,-0.8990423583984375,-0.8766708374023438,-1.3518218994140625,-0.5670745849609374,0.26824956155301305,1.030931392270566,1.0306227046470955,1.0301511471567237,1.0326017019648015,0.000917890600794512,1.0063090115832996,1.0061755697622958,1.0040096970413783,1.00941503123422,0.001850443846766042,2.5979148864746096,2.5766067504882812,2.4010360717773436,2.8164794921875,0.14777546001222064,0.018321268067131302,0.018142058915745093,0.017076235761837994,0.01970747525885177,0.0009780368451846326,1.3137570571899415,1.3011000156402588,1.2867393493652344,1.355471098423004,0.02478794354609519,0.0773614101080247,0.07844063464506174,0.06953785686728395,0.0806309799382716,0.004444242494168083,403.76995361328125,410.5451354980469,292.20041809082034,460.2379852294922,67.64850270745144,0.002331693672839506,0.0018967013888888887,0.0008485243055555555,0.004069299768518519,0.0011992541180016517,3.6087585258483887,3.62811279296875,3.32278892993927,3.856456756591797,0.2045898087283698,0.0,0.0,0.0,0.0,0.0,0.0,0.0,0.0,0.0,0.0,5.690586419753087e-07,4.822530864197531e-07,0.0,1.4467592592592592e-06,6.519519527824533e-07,0.00014009452160493828,0.00014226466049382716,0.00010161072530864197,0.00017766203703703705,3.225999210998449e-05,0.00014951774691358025,0.00014347029320987655,0.00010788001543209877,0.00020302854938271606,3.7568841449917526e-05,0.005210291280864196,0.0045146122685185185,0.0038994020061728397,0.00792703510802469,0.0015476795063850105,0.9380908542923366,0.9328257642349995,0.8947526733892732,0.9815470859306619,0.03362127484243481,0.8213566006532944,0.8211873522843238,0.8130336455660657,0.831406443760283,0.007271194668479519,1.067809252483343,1.0675232126136383,1.0634042988715768,1.0719066677065694,0.003359781527034696,0.9851568508417747,0.9853985385139866,0.9809982732736685,0.9893839057089564,0.0027178654438969334,5.987236499786377,5.987236499786377,5.987236499786377,5.987236499786377,0.0,12.043670654296875,12.043670654296875,12.043670654296875,12.043670654296875,0.0,3.6859130859375,3.6859130859375,3.6859130859375,3.6859130859375,0.0,0.4811248779296875,0.4811248779296875,0.4811248779296875,0.4811248779296875,0.0,363.0373229980469,363.0373229980469,363.0373229980469,363.0373229980469,0.0,0.0,0.0,0.0,0.0,0.0,0.0,0.0,0.0,0.0,0.0,0.0,0.0,0.0,0.0,0.0
morning,cloudy,mixed,outdoor,5x,50,1,140.77478271484375,140.9853057861328,139.93109893798828,141.1158889770508,0.5178266179079479,141.83697021484375,142.05062103271484,140.99030151367188,142.20596923828126,0.5016535648305006,142.82548065185546,143.01062774658203,141.96959228515624,143.1873809814453,0.5284705712393263,44.895607223510744,44.831926345825195,44.2308952331543,45.60298843383789,0.5175390437647165,42.009018936157226,41.98790168762207,41.31248512268066,42.73248138427734,0.5321876274213027,41.47043487548828,41.46441841125488,40.741689682006836,42.16159324645996,0.5503587802922321,141.54613586425782,141.74684143066406,140.69782409667968,141.9010223388672,0.5083736034520363,42.3031623840332,42.27614402770996,41.623038101196286,43.015447998046874,0.5201913214546894,127.37595504760742,127.37111282348633,127.34817962646484,127.40242462158203,0.023544919082901707,128.62271697998048,128.61951446533203,128.56678924560546,128.68540802001954,0.04383846357472116,6.75499906539917,6.724669694900513,6.631877803802491,6.893213701248169,0.106678974888242,5.429646186828613,5.402292728424072,5.306927108764649,5.557962942123413,0.10239400708357076,-1.0621875,-1.0869903564453125,-1.1286483764648438,-0.9819107055664062,0.06475506667421542,0.9885104370117187,0.9655838012695312,0.8594741821289062,1.1503189086914063,0.1115938722273608,1.00754591382126,1.0077037789091023,1.0069611783087136,1.0080037403377382,0.0004683171676516045,0.9930797701277199,0.9932021755629226,0.9919663369920265,0.9939670476361039,0.0007709058524918339,0.036838531494140625,0.07030487060546875,-0.0842041015625,0.1186279296875,0.08615592277323518,0.0002607437208617776,0.0004956030186043364,-0.0005938588507350779,0.0008388778778028167,0.0006074314108933031,1.422394483089447,1.4224397540092468,1.3507463693618775,1.5185452818870544,0.06756846744886075,0.09906768904320988,0.0975489486882716,0.09006881751543211,0.10515866126543211,0.00782411337805371,665.2882238769531,645.2188720703125,581.0274291992188,756.9091552734375,98.22256436711807,0.005892660108024691,0.005692756558641975,0.0043907696759259264,0.007823447145061729,0.0012283250334110443,3.3647841215133667,3.3670350313186646,3.0680288314819335,3.603706479072571,0.22258732304053608,0.0,0.0,0.0,0.0,0.0,0.0,0.0,0.0,0.0,0.0,1.1574074074074076e-07,0.0,0.0,4.8225308641975994e-08,4.970717101360002e-07,6.50462962962963e-05,6.341628086419753e-05,4.5476466049382716e-05,8.830054012345679e-05,1.958414049207784e-05,1.2741126543209878e-05,9.162808641975309e-06,3.375771604938272e-06,2.4643132716049384e-05,9.438416129940651e-06,0.015296711033950616,0.01580536265432099,0.013661168981481482,0.016540461033950616,0.0011920695291185615,0.6489639836071899,0.6482824754222514,0.6448957658335208,0.6553778308587069,0.004230843141992658,0.9211612317705387,0.9216379719765826,0.9193350211228185,0.9222548422360124,0.00133989786699291,1.0362565023919523,1.0362508517460185,1.0359373211310219,1.0366499828360984,0.0003004101999504061,0.9756168384603014,0.9755520712862088,0.9748298294287686,0.9764989414015791,0.000652559298041247,8.969305992126465,8.969305992126465,8.969305992126465,8.969305992126465,0.0,17.830313682556152,17.830313682556152,17.830313682556152,17.830313682556152,0.0,2.1222381591796875,2.1222381591796875,2.1222381591796875,2.1222381591796875,0.0,0.34720611572265625,0.34720611572265625,0.34720611572265625,0.34720611572265625,0.0,552.7308349609375,552.7308349609375,552.7308349609375,552.7308349609375,0.0,0.0,0.0,0.0,0.0,0.0,0.0,0.0,0.0,0.0,0.0,0.0,0.0,0.0,0.0,0.0
morning,cloudy,mixed,outdoor,7x,50,1,138.5570523071289,138.61905670166016,138.13438568115234,138.81945343017577,0.250165778390723,142.37857116699217,142.37030792236328,142.2952651977539,142.4950408935547,0.07642415688628813,144.9652883911133,144.98719024658203,144.66395874023436,145.27948913574218,0.22703767613583486,38.68951011657715,38.804887771606445,38.001098251342775,38.95490188598633,0.3624031054225238,32.2108349609375,32.25748252868652,31.870800018310547,32.4064754486084,0.2627061499445989,28.416301727294922,28.41367244720459,28.108044815063476,28.638948059082033,0.2784280105319983,141.44364135742188,141.42141723632812,141.33536834716796,141.58197784423828,0.09240120742121721,33.06027465820313,33.14440727233887,32.66448822021484,33.30778465270996,0.276036014842249,125.88641891479492,125.92887878417969,125.66288375854492,126.0474021911621,0.13214840766428648,129.8739440917969,129.90968322753906,129.6816192626953,129.9984893798828,0.10971161028355479,7.440348405838012,7.4418206214904785,7.308645105361938,7.554502153396607,0.08290165257422799,6.360858125686645,6.351533651351929,6.303103828430176,6.4224629402160645,0.050693049536169925,-3.821518859863281,-3.7375946044921875,-4.290400695800781,-3.5554153442382814,0.2711046778775693,2.586717224121094,2.5788116455078125,2.2967300415039062,2.907270812988281,0.20617940773963375,1.027584312120572,1.0269504102257747,1.0256167822726556,1.031062781488649,0.0020074887148312354,0.9821583480154027,0.9822252616302738,0.9799872042120562,0.9841364187420715,0.0013960205212478027,0.6174008178710938,0.61767578125,0.35576324462890624,0.8600669860839845,0.17593774268760765,0.004365535368338717,0.004366206243506858,0.0025159059864898583,0.006083521897032481,0.0012458018761532634,1.6003209447860718,1.598384439945221,1.388586962223053,1.7532265901565551,0.12610544846045785,0.08519953703703705,0.08636429398148149,0.06970515046296297,0.09715697337962964,0.014286935331619186,572.1936114501954,545.742431640625,508.9775817871094,676.259686279297,107.31813577924554,0.000678539737654321,0.0006758777006172839,0.0006102430555555556,0.0007387152777777778,5.768758830495365e-05,4.1972074747085575,4.2801923751831055,3.6243762969970703,4.708108901977539,0.39006487547275626,0.00010974151234567903,0.00010440779320987654,7.219328703703703e-05,0.0001436149691358025,2.882843606116274e-05,227.56,216.5,149.7,297.8,59.77864501642706,3.858024691358025e-08,0.0,0.0,0.0,1.6254146938997607e-07,6.905864197530865e-05,7.209683641975307e-05,3.467399691358025e-05,9.895833333333334e-05,2.6808066929805947e-05,3.1153549382716054e-06,3.375771604938272e-06,4.822530864197531e-07,4.870756172839507e-06,1.93192777372425e-06,0.001360474537037037,0.0013695987654320989,0.0011548514660493826,0.0015182291666666669,0.0001425694070689771,0.35911204242595995,0.3594387173636211,0.35676471145001193,0.36081661855836683,0.001724459660905985,1.0534390611304008,1.053351462609872,1.052762212600954,1.0543203408309303,0.0005526716168860054,1.0289030710799452,1.0283997926765118,1.0272564384673926,1.031444843950171,0.0016072444634217726,0.9754498109439577,0.975116437020052,0.9731509592253603,0.9781915059961384,0.0017027606568644018,12.067047119140625,12.067047119140625,12.067047119140625,12.067047119140625,0.0,26.579421997070312,26.579421997070312,26.579421997070312,26.579421997070312,0.0,0.4049530029296875,0.4049530029296875,0.4049530029296875,0.4049530029296875,0.0,0.6172561645507812,0.6172561645507812,0.6172561645507812,0.6172561645507812,0.0,677.613525390625,677.613525390625,677.613525390625,677.613525390625,0.0,1.9290123456790124e-06,1.9290123456790124e-06,1.9290123456790124e-06,1.9290123456790124e-06,0.0,0.0,0.0,0.0,0.0,0.0,0.0,0.0,0.0,0.0,0.0
morning,cloudy,road_shaded,outdoor,1x,100,1,124.73416107177735,124.91996765136719,123.04863815307617,126.31081924438476,1.3919564877785449,130.974521484375,131.11422729492188,129.2119384765625,132.6799530029297,1.3897153929655361,126.22090179443359,126.37702941894531,124.82967987060547,127.59772567749023,1.1299245150257433,69.24790084838867,69.33639907836914,66.41513519287109,71.72703170776367,2.4121132296766,62.97956153869629,63.1630973815918,60.04991416931152,65.4661964416504,2.414328315561031,68.08588478088379,68.21540451049805,65.87716064453124,69.90851364135742,1.7558005391896891,128.51086296081542,128.66236877441406,126.81085357666015,130.14718322753907,1.3603058026130264,64.74048236846924,64.87606620788574,61.95484046936035,67.10104064941406,2.302472659829593,125.22430786132813,125.22522354125977,125.13412933349609,125.28506698608399,0.06041702908742589,126.62883399963378,126.6565170288086,126.46402130126953,126.79990692138672,0.13702356485627265,7.199144759178162,7.167026042938232,6.955266952514648,7.519077348709106,0.23220934617520514,11.028620090484619,11.041407108306885,10.33135633468628,11.685418891906739,0.6312637735932438,-6.240360412597656,-6.206398010253906,-6.4404052734375,-6.117008972167969,0.11778589404140301,-4.753619689941406,-4.757534027099609,-5.090325164794922,-4.382772827148438,0.2839106478342114,1.0500361492289927,1.0499071327781264,1.0489446358983567,1.0517864988855532,0.0011294306130193302,1.0376460927291289,1.0377903419357164,1.035091939537713,1.0400306373473975,0.0019553105085816066,5.496990051269531,5.562494277954102,5.27277946472168,5.66607437133789,0.16410472216224006,0.04276850766153239,0.04292743507844422,0.041516752832744454,0.04405262325953854,0.0009584622925690762,2.9534409976005556,2.9749574661254883,2.6848558664321898,3.137526273727417,0.15739932787311112,0.1669503086419753,0.16652681327160493,0.15263329475308643,0.18059953703703704,0.010770050114460954,1514.8780853271485,1632.2627563476562,1010.0871826171875,1745.7891479492191,271.6552414192522,0.06066210937500001,0.06222270447530864,0.04501557677469136,0.0719188850308642,0.011198946192788634,7.470723762512207,7.518262147903442,7.16017336845398,7.6776937484741214,0.17324588685364287,0.0,0.0,0.0,0.0,0.0,0.0,0.0,0.0,0.0,0.0,0.00012881944444444445,9.693287037037037e-05,7.426697530864198e-05,0.00024358603395061728,6.556465376165504e-05,0.019731659915123455,0.019853877314814812,0.015821759259259258,0.02296508487654321,0.002847395073549145,0.003936072530864198,0.004454330632716049,0.0017875675154320988,0.004772810570987655,0.0011081373059197422,0.04841319444444446,0.04781997492283951,0.04269521604938272,0.05295693479938272,0.0038441927725487803,0.9672171315932931,0.9669187584156558,0.9393293289073905,0.9959991306770709,0.026923937096577512,1.1725502643476344,1.1723146205435757,0.9336093697454271,1.4122211030398635,0.23758539225824218,1.0415701682790415,1.041111187115075,1.0076181123725103,1.0771503741189727,0.033402561390887965,1.0522321657689782,1.051471123103466,1.0274939342432505,1.0771598503630782,0.023972898671263055,39.54492950439453,39.54492950439453,39.54492950439453,39.54492950439453,0.0,72.02351150512698,72.02351150512696,72.02351150512696,72.02351150512696,1.4210854715202004e-14,4.078437805175781,4.078437805175781,4.078437805175781,4.078437805175781,0.0,0.6375236511230469,0.6375236511230469,0.6375236511230469,0.6375236511230469,0.0,1047.7158203125,1047.7158203125,1047.7158203125,1047.7158203125,0.0,0.0,0.0,0.0,0.0,0.0,0.0,0.0,0.0,0.0,0.0,0.0,0.0,0.0,0.0,0.0
morning,cloudy,road_shaded,outdoor,3x,100,1,126.16921020507813,126.3185920715332,120.80466384887696,131.3981903076172,5.01813163087582,131.81130813598634,131.7496795654297,129.53955535888673,134.0794662475586,1.9566975410138714,127.57946815490723,127.56425094604492,123.6431266784668,131.63292846679687,3.7322050122752786,65.96463855743409,65.94319152832031,56.54266700744629,75.23774337768555,9.07435418359712,60.6977751159668,60.65071487426758,53.77230224609375,67.52546691894531,6.605122714991258,64.61484424591065,64.66966819763184,56.31670989990234,72.6567596435547,7.812588123013679,129.58754844665526,129.59320449829102,126.18539581298828,132.9388000488281,3.083466826906417,62.170687942504884,62.14944076538086,54.598823928833006,69.62550659179688,7.234196560925691,125.47420387268066,125.46004104614258,124.05661163330078,126.94867553710938,1.3800210358626208,126.81044647216797,126.79682540893555,126.35797271728515,127.3036277770996,0.4204384979965374,6.489824290275574,6.469620943069458,4.471652269363403,8.517627334594726,1.998134666494396,9.260846238136292,9.2634916305542,7.29264235496521,11.24102725982666,1.9425926856728468,-5.6420979309082036,-5.6720428466796875,-8.81290283203125,-2.357991027832031,3.0850149403226594,-4.231839981079101,-4.225864410400391,-6.125727844238281,-2.356684875488281,1.7963018435153384,1.0457606658327996,1.045676469265052,1.018005837379209,1.072736185048359,0.026267717366815043,1.0336083466055022,1.0335748573284351,1.0180128183980552,1.0494283551045032,0.015057460307200695,4.9369689559936525,4.935634613037109,2.3920143127441404,7.485347366333008,2.4381452607606,0.0385636273324259,0.038366919706234744,0.01807669345370836,0.05921040759624596,0.019727060132534915,2.2834843730926515,2.25799024105072,1.8028098225593567,2.8211567878723147,0.4596396566864146,0.12984818672839504,0.1305225212191358,0.08889342206790123,0.1708844521604938,0.037268709428160435,1153.6262158203126,1139.1551513671875,765.8879455566406,1595.9435302734375,329.714384791154,0.07578359857253086,0.07495442708333333,0.06942988040123457,0.08161005015432099,0.004476225201925307,6.390698504447937,6.335648059844971,5.2512468814849855,7.662493658065796,1.080157303690356,0.0,0.0,0.0,0.0,0.0,0.0,0.0,0.0,0.0,0.0,4.167631172839506e-05,4.0750385802469135e-05,2.6957947530864198e-05,5.5603780864197545e-05,1.3690583315807379e-05,0.0330685619212963,0.03501832561728395,0.02548505015432099,0.039202883873456794,0.005814720008233003,0.0018766878858024693,0.0017192322530864197,0.0012921006944444445,0.002677517361111112,0.00054370779172155,0.06002071277006172,0.0616869212962963,0.04449672067901235,0.07510990547839505,0.014749709157850437,0.9487365654637582,0.956819528618484,0.7951862571132577,1.0910779717503432,0.13929189857214463,0.9176373367528025,0.915686211496485,0.8259678013860385,1.0112831775731828,0.07850850261491805,1.0555085352141997,1.055303547915933,1.0169766239210163,1.0931099232042192,0.0364613695305074,1.0402217555224198,1.0403130555725058,1.0059935496788188,1.0741350099093199,0.03269352322239775,42.93761444091797,42.93761444091797,42.93761444091797,42.93761444091797,0.0,67.84756164550781,67.84756164550782,67.84756164550782,67.84756164550782,1.4210854715202004e-14,7.271705627441406,7.271705627441406,7.271705627441406,7.271705627441406,0.0,5.230064392089844,5.230064392089844,5.230064392089844,5.230064392089844,0.0,1118.9525146484375,1118.9525146484375,1118.9525146484375,1118.9525146484375,0.0,0.0,0.0,0.0,0.0,0.0,0.0,0.0,0.0,0.0,0.0,0.0,0.0,0.0,0.0,0.0
morning,cloudy,road_shaded,outdoor,5x,100,1,124.66659469604492,124.30545425415039,115.98534698486328,133.88641967773438,8.542916071614501,130.3842520904541,129.9676399230957,126.0712646484375,135.4066421508789,4.2784368951596115,126.97788124084472,126.82868957519531,121.11494979858398,133.1520202636719,5.587928767894773,63.6440372467041,64.0822811126709,47.47177963256836,79.3187240600586,15.545386578614034,58.89406265258789,59.28176498413086,45.881705856323244,71.38505020141602,12.407703313930005,62.072323379516604,62.57548713684082,48.70850830078125,75.1463607788086,12.852503832846514,128.2459642791748,127.88082122802734,122.43869323730469,134.65885009765626,5.715904542345012,60.218808250427244,60.64075469970703,46.41648864746094,73.51369781494141,13.204427867661186,125.37491264343262,125.43452835083008,123.30455474853515,127.47132568359375,2.028847364338489,127.24076713562012,127.23098754882812,127.11250152587891,127.3814697265625,0.10620361500185264,6.05429256439209,6.065191984176636,3.9876028537750243,8.079708576202393,1.9923432513475483,8.515696067810058,8.523298025131226,6.370871114730835,10.653261756896972,2.0846396871585893,-5.71765739440918,-5.6030120849609375,-10.110492706298828,-1.300982666015625,4.29813788036286,-3.406370849609375,-3.3304214477539062,-4.939396667480469,-1.8281936645507812,1.352519214977573,1.0484425061996716,1.0475514967641057,1.0097783662553832,1.0871324465407546,0.03777638129006318,1.0273370979509473,1.0263840045830148,1.0138933262768741,1.040752824647466,0.01184216816725607,4.562014122009277,4.535270690917969,1.6409736633300782,7.518525695800781,2.819099227687313,0.03661300070446961,0.03626807589591217,0.012349903299939248,0.06139317845167301,0.023598917536012495,2.126404218673706,2.1267842650413513,1.6029848217964173,2.651267433166504,0.49857736512585515,0.11066455922067901,0.11097101658950617,0.06354832175925927,0.15896141975308642,0.04515207800691949,884.1683474731445,921.4852294921875,467.0676971435547,1352.768395996094,388.85179058009226,0.06814369695216048,0.06844280478395062,0.0435487075617284,0.09445187114197531,0.024404908192475663,6.468648743629456,6.389923810958862,4.780882167816162,8.275373458862305,1.6184326969220364,0.0,0.0,0.0,0.0,0.0,0.0,0.0,0.0,0.0,0.0,1.271701388888889e-05,1.1815200617283949e-05,5.304783950617284e-06,2.218364197530864e-05,6.687741069337882e-06,0.04120506847993827,0.04489969135802469,0.0207524112654321,0.05747053433641975,0.015774501248882654,0.000819507137345679,0.0006652681327160494,0.00041512345679012346,0.001429494598765432,0.0004147909850273355,0.07892197145061729,0.0816039737654321,0.03138406635802469,0.12169714506172839,0.04225837191561213,1.1258991425564244,1.1318328322737803,0.7472049983516222,1.4915002357643077,0.3632415152070813,0.7764056070279015,0.7122785531971418,0.5790660056691134,1.0493889098181746,0.20367066686576712,1.089201585774942,1.0892719561793842,1.0018409909704427,1.175691804272185,0.08459042187162052,1.0871416699443577,1.0849653566856545,0.9977793435190658,1.177614539467914,0.08579894865557823,45.41746520996094,45.41746520996094,45.41746520996094,45.41746520996094,0.0,74.32279510498047,74.32279510498047,74.32279510498047,74.32279510498047,0.0,15.100196838378906,15.100196838378906,15.100196838378906,15.100196838378906,0.0,6.183311462402344,6.183311462402344,6.183311462402344,6.183311462402344,0.0,1070.904296875,1070.904296875,1070.904296875,1070.904296875,0.0,0.0,0.0,0.0,0.0,0.0,0.0,0.0,0.0,0.0,0.0,0.0,0.0,0.0,0.0,0.0
morning,cloudy,road_shaded,outdoor,7x,100,1,136.81631927490236,137.01567840576172,133.19609832763672,140.24640502929688,3.188602920070379,139.9328646850586,139.94892120361328,136.16405792236327,145.0592010498047,3.4365539430113525,142.12177307128906,140.26195526123047,135.93968658447267,149.78110046386718,5.6263065335823335,46.67282501220703,49.240028381347656,35.55880165100098,54.468111801147465,7.744288165103148,43.421929569244384,45.74513626098633,33.558963775634766,50.43376502990723,6.680732199936624,39.4647294998169,40.76452445983887,33.49999504089355,43.80892562866211,3.916280511133556,139.19116973876953,139.3997802734375,135.42059783935548,144.04822845458983,3.4373007065329695,43.38860919952393,45.8308219909668,33.941165161132815,49.83620986938477,6.32777073240458,126.2310947418213,126.23089981079102,124.93711853027344,127.3826416015625,1.133123389159749,129.6170108795166,129.46815490722656,128.0332260131836,131.4570739746094,1.5134249052781792,5.6379677677154545,6.646921157836914,3.3605870723724367,7.602496480941772,1.9491097887584097,7.603530886173249,7.586695671081543,4.284636735916138,10.775170803070068,3.1078344449703743,-3.11654541015625,-3.1277236938476562,-5.369540405273438,-1.2492706298828122,1.9398990308279016,2.1889083862304686,1.10028076171875,-0.551898193359375,5.703553771972657,2.634669850204549,1.0228572317054505,1.0228460500488845,1.0090084347463562,1.0382864646927037,0.01465823795273801,0.9852349568198548,0.9919491858158787,0.9615026015688873,1.003950248684089,0.017948729693078546,0.46381851196289064,0.757476806640625,-0.8144775390625,1.1843284606933602,0.8298538428489081,0.003438627282211754,0.005567408380579276,-0.005809192183186461,0.008720280613389971,0.006058496946303066,1.7735381656885147,1.7581722140312195,1.0185971021652223,2.473194336891175,0.6510112567799848,0.057147979359567905,0.029773823302469138,0.012645399305555555,0.14162205825617286,0.0523437558166888,221.2800542449951,133.94869995117188,100.65534896850586,528.0801513671876,185.0304413329529,0.014363300540123459,0.00392433449074074,0.0,0.04008222415123457,0.01636238365795948,5.951774028539657,7.99756121635437,0.0,9.055079936981201,3.239915974979198,2.4112654320987653e-08,0.0,0.0,0.0,1.0510462344571453e-07,0.05,0.0,0.0,0.0,0.21794494717703367,6.076388888888889e-06,0.0,0.0,1.3261959876543232e-05,2.1381059193853938e-05,0.01629679783950617,0.016788917824074073,0.009531828703703704,0.025908034336419763,0.005493459363707871,0.00010765817901234568,9.645061728395062e-07,0.0,0.0004352334104938281,0.00023535050602961413,0.0465112316743827,0.04596908757716049,0.02448948688271605,0.06743687307098765,0.017583336748934586,0.5364698699531885,0.5343029411067534,0.43515756532626043,0.6641667548175872,0.08375288650393031,1.0256430413090463,0.9608661955887391,0.9181452985587745,1.2108269092055317,0.12020050554492605,1.0350964050025686,1.03848124433839,1.0005132445531408,1.0654917517063927,0.027700772764101694,0.9791155841546169,0.9794004722037355,0.9563569792613482,1.0033325336255519,0.018071368343889466,33.19287872314453,33.19287872314453,33.19287872314453,33.19287872314453,0.0,54.18807678222656,54.18807678222657,54.18807678222657,54.18807678222657,7.105427357601002e-15,13.94903564453125,13.94903564453125,13.94903564453125,13.94903564453125,0.0,4.177661895751953,4.177661895751953,4.177661895751953,4.177661895751953,0.0,887.7073974609375,887.7073974609375,887.7073974609375,887.7073974609375,0.0,0.0,0.0,0.0,0.0,0.0,0.0,0.0,0.0,0.0,0.0,0.0,0.0,0.0,0.0,0.0
morning,sunny,dark,calibration_dark,1x,50,1,20.80505729675293,20.132659912109375,18.480424690246583,25.385074424743653,2.5513556167522284,15.903294506072998,15.243364334106445,13.900804328918458,18.445319175720215,1.7318214195365553,20.72537109375,20.359204292297363,18.032932472229003,24.703003311157225,2.582753846697962,16.146741065979004,15.78775405883789,14.582004642486572,18.243484687805175,1.4893433933252518,12.939245262145995,12.551665306091309,11.52167501449585,14.814792442321778,1.3501400726844885,16.805822601318358,16.70860481262207,15.075648021697997,18.613590812683107,1.5221036997794715,17.86187864303589,16.784029960632324,16.151071548461914,21.121932983398438,2.00293016656459,12.415666408538819,12.070991039276123,10.8682279586792,14.220777225494386,1.4262537219411278,130.062451171875,129.81790924072266,129.4080352783203,130.86712799072265,0.555013232612383,129.54173583984374,129.72595977783203,128.88472442626954,130.03221435546874,0.5105287576939905,6.515808238983154,6.364168882369995,6.165743398666382,7.113072347640991,0.3519034839016387,5.964766311645508,5.862735271453857,5.665692377090454,6.277025032043457,0.27312437457389727,4.901762790679932,4.325380802154541,3.410057544708252,6.825508213043213,1.3173991526663085,4.822076587677002,4.961474418640137,3.2247957229614257,6.328595638275147,1.4103231193743002,0.7668695265898527,0.7837946893423926,0.704345041169304,0.8177304126443338,0.044067078969774694,0.7703475815854725,0.774588619795396,0.7092782673188507,0.8214843540556185,0.04882667034360158,-4.861919689178467,-4.598738193511963,-6.707964515686035,-3.3978816986083986,1.3390125533908939,-0.2706559120054996,-0.2538849979928812,-0.3525220007059427,-0.20924241188124731,0.06307217336358163,5.54902289390564,5.433288335800171,5.344343852996826,5.836700010299682,0.21498091352875612,0.10958686342592593,0.09870273919753086,0.07727146026234567,0.15679258294753087,0.031106858859434428,438.8304244995117,431.6223449707031,260.20478515625,604.0299377441406,189.21102737387355,0.9356911940586419,0.9467117573302468,0.8954175829475308,0.959207706404321,0.025610592788010724,8.446662330627442,8.370630741119385,8.249646091461182,8.722954368591308,0.21730503119887837,0.0014718653549382716,0.0014134837962962964,0.0013309702932098766,0.0017880015432098766,0.00016728008704255005,3052.06,2931.0,2759.9,3707.6,346.87198849143186,0.03595922067901234,0.03709972993827161,0.01621508487654321,0.053267071759259266,0.01406945302647853,5.787037037037038e-08,0.0,0.0,0.0,2.8350575726657153e-07,0.23588625578703706,0.24113016010802468,0.1743809799382716,0.2866827256944444,0.047868225491787465,1.5432098765432098e-06,0.0,0.0,4.002700617283952e-06,4.171976997276653e-06,0.2505002045941905,0.24900396357520593,0.23002752624591744,0.2665828323795018,0.016382575067341032,1.0245222995115189,1.0244925279521866,1.0176161711038094,1.0324385560805942,0.006387297009060272,0.7725147798950011,0.7900588339055519,0.7063238343703323,0.8240754771029787,0.04529135950723444,0.7810920819728211,0.7840658042699811,0.7205007164822352,0.8365468444640564,0.05057666245688088,7.328258037567139,7.328258037567139,7.328258037567139,7.328258037567139,0.0,11.437641143798828,11.437641143798828,11.437641143798828,11.437641143798828,0.0,8.127252578735352,8.127252578735352,8.127252578735352,8.127252578735352,0.0,5.236502647399902,5.236502647399902,5.236502647399902,5.236502647399902,0.0,1124.96630859375,1124.96630859375,1124.96630859375,1124.96630859375,0.0,0.0016565393518518517,0.0016565393518518517,0.0016565393518518517,0.0016565393518518517,0.0,0.0005285493827160494,0.0005285493827160494,0.0005285493827160494,0.0005285493827160494,0.0,0.0001282793209876543,0.0001282793209876543,0.0001282793209876543,0.0001282793209876543,0.0
morning,sunny,dark,calibration_dark,7x,50,1,19.236725025177,18.826061248779297,16.44990463256836,22.136700057983397,2.1901208661818714,16.256807193756103,15.744451999664307,13.44875364303589,19.574447250366212,2.20376391144568,19.1056529045105,18.74661350250244,16.402704811096193,22.407627677917482,2.321962345990989,15.267468852996826,14.888123989105225,13.968874073028564,17.24241065979004,1.3452959657910304,12.812495498657226,12.049753665924072,11.352341747283935,15.108872222900391,1.5238429024621516,15.700400619506835,15.159362316131592,14.256907939910889,17.926910209655762,1.4923955274200156,17.41563732147217,16.91334056854248,14.727694129943847,20.61990566253662,2.1874067019722205,12.160219440460205,11.514406204223633,10.605708026885987,14.428040599823,1.5673688524538683,129.25784790039063,129.2963104248047,128.84418792724608,129.72272186279298,0.3098043312277048,128.87707122802735,128.91031646728516,128.62924346923828,129.10435943603517,0.19832397931872411,6.041319923400879,6.028686761856079,5.657871341705322,6.539289283752441,0.33251381224783316,5.383725833892822,5.329085826873779,4.998136234283447,5.790580749511719,0.320479350668761,2.9799178314208983,3.0795507431030273,2.058743476867676,3.948923873901367,0.6682742025862856,2.8488457107543947,2.9283742904663086,2.0780547142028807,3.338656044006348,0.5047121494860357,0.8437571167833702,0.8394337757024964,0.793318976292626,0.8954040686457275,0.03684640216576047,0.8498645296423142,0.8503711666094658,0.8119383699790867,0.8847680425452821,0.02677908973024432,-2.9143817710876463,-3.0685033798217773,-3.579124355316162,-2.107352256774902,0.5356968171339253,-0.16961896939369328,-0.17154222317431772,-0.21469456296819805,-0.11930252073196944,0.03637533445444333,5.068521881103516,5.015238046646118,4.679005813598633,5.454814291000366,0.2994412536145213,0.1057926215277778,0.0921872588734568,0.0736183449074074,0.1497104552469136,0.03344536245257825,427.3029190063477,355.0486755371094,242.83916778564452,702.2768188476563,198.58449690064933,0.9399825038580247,0.9506828703703704,0.9001308834876544,0.9653830054012346,0.026721487356147156,8.45786135673523,8.435706615447998,8.177515506744385,8.754671192169189,0.2398823676934777,0.001419627700617284,0.001375144675925926,0.0011942997685185186,0.0016940586419753087,0.00019701560387070798,2943.74,2851.5,2476.5,3512.8,408.5315561863,0.04269946952160493,0.03978780864197531,0.02139597800925926,0.06261038773148149,0.018475229805866987,1.9290123456790124e-08,0.0,0.0,0.0,9.450191908885719e-08,0.23581777584876545,0.23045500578703704,0.15198615933641976,0.29603067129629634,0.05920987003009755,1.6589506172839507e-06,4.822530864197531e-07,4.822530864197531e-07,2.2183641975308684e-06,3.5004532205143518e-06,0.2499786913226273,0.2495331603732687,0.21732162168495345,0.2779404327348698,0.022796101679327177,1.025676730958152,1.0255595185741553,1.0134476349646058,1.03721948631527,0.008879166699164024,0.8493978951459514,0.8442076166332874,0.8007697572883499,0.9033679120362066,0.036924207498755204,0.8576857606901025,0.8559805896046913,0.8249838678089557,0.8978049497130604,0.026607141183552514,7.227219581604004,7.227219581604004,7.227219581604004,7.227219581604004,0.0,11.236797332763672,11.236797332763672,11.236797332763672,11.236797332763672,0.0,10.162388801574707,10.162388801574707,10.162388801574707,10.162388801574707,0.0,2.101865768432617,2.101865768432617,2.101865768432617,2.101865768432617,0.0,816.6383056640625,816.6383056640625,816.6383056640625,816.6383056640625,0.0,0.0014795524691358028,0.0014795524691358026,0.0014795524691358026,0.0014795524691358026,2.168404344971009e-19,0.00047019675925925923,0.00047019675925925923,0.00047019675925925923,0.00047019675925925923,0.0,0.00012586805555555553,0.00012586805555555555,0.00012586805555555555,0.00012586805555555555,2.710505431213761e-20
morning,sunny,flat,calibration_flat,1x,50,1,150.9462255859375,151.07576751708984,150.06068572998046,151.50465698242186,0.5202368265469584,150.9462255859375,151.07576751708984,150.06068572998046,151.50465698242186,0.5202368265469584,150.9446743774414,151.07576751708984,150.06004028320314,151.50465698242186,0.5211743307925152,14.74787509918213,15.276265144348145,11.303779125213623,17.061008071899415,2.074427319455415,14.74787509918213,15.276265144348145,11.303779125213623,17.061008071899415,2.074427319455415,14.748098487854003,15.276265144348145,11.30517120361328,17.06111240386963,2.0740976103917332,150.9462255859375,151.07576751708984,150.06068572998046,151.50465698242186,0.5202368265469584,14.74787509918213,15.276265144348145,11.303779125213623,17.061008071899415,2.074427319455415,128.0,128.0,128.0,128.0,0.0,127.99922149658204,128.0,127.99583282470704,128.0,0.0014671537622913612,0.0,0.0,0.0,0.0,0.0,0.016752444095909595,0.0,0.0,0.07388437017798424,0.026048906957343677,0.0,0.0,0.0,0.0,0.0,-0.00155120849609375,0.0,-0.00828857421875,0.0,0.0029234543455047357,0.9999999933750455,0.9999999933808048,0.9999999933360294,0.9999999933995428,2.2901407742765362e-11,1.0000102917881344,0.9999999933950474,0.9999999933498429,1.0000549732636836,1.941645014105062e-05,0.000775604248046875,0.0,0.0,0.004144287109375,0.0014617271727523679,5.148965063198119e-06,0.0,0.0,2.7488437139620415e-05,9.707711780118922e-06,0.004004971105605364,0.0,0.0,0.01612765770405531,0.005969420160100472,0.17454195601851852,0.20024233217592594,0.03266763117283951,0.25580584490740743,0.07928660333419088,1157.8997479248046,1224.405517578125,493.16737365722656,1682.02509765625,426.9212031658469,1.9290123456790124e-08,0.0,0.0,0.0,9.450191908885719e-08,0.0,0.0,0.0,0.0,0.0,0.0010242380401234567,0.0010701195987654322,0.0008110050154320988,0.0011676793981481482,0.000148672017824034,2123.86,2219.0,1681.7,2421.3,308.2862961599169,0.0,0.0,0.0,0.0,0.0,5.690586419753088e-07,4.822530864197531e-07,0.0,1.4467592592592592e-06,6.375232588603681e-07,0.0,0.0,0.0,0.0,0.0,5.690586419753088e-07,4.822530864197531e-07,0.0,1.4467592592592592e-06,6.375232588603681e-07,0.2021085119905942,0.2039853166724125,0.189213877337865,0.21258495078113368,0.009313870364286787,1.0322042798876219,1.0326015960974415,1.0297345349943143,1.0345717206407967,0.0019140120320163348,0.9999999934609497,0.9999999934679281,0.9999999934171185,0.9999999934882144,2.6475543675816675e-11,0.9999999934609497,0.9999999934679281,0.9999999934171185,0.9999999934882144,2.6475543675816675e-11,9.503158569335938,9.503158569335938,9.503158569335938,9.503158569335938,0.0,13.885300636291504,13.885300636291504,13.885300636291504,13.885300636291504,0.0,2.0466766357421875,2.0466766357421875,2.0466766357421875,2.0466766357421875,0.0,0.00417327880859375,0.00417327880859375,0.00417327880859375,0.00417327880859375,0.0,1545.85205078125,1545.85205078125,1545.85205078125,1545.85205078125,0.0,0.00021412037037037035,0.00021412037037037038,0.00021412037037037038,0.00021412037037037038,2.710505431213761e-20,4.0027006172839503e-05,4.0027006172839503e-05,4.0027006172839503e-05,4.0027006172839503e-05,0.0,1.6878858024691356e-05,1.6878858024691356e-05,1.6878858024691356e-05,1.6878858024691356e-05,0.0
morning,sunny,flat,calibration_flat,3x,50,1,147.2781378173828,147.2890625,146.97515869140625,147.55317077636718,0.2473669934918521,147.2781378173828,147.2890625,146.97515869140625,147.55317077636718,0.2473669934918521,147.2781378173828,147.2890625,146.97515869140625,147.55317077636718,0.2473669934918521,8.558968181610107,8.402696132659912,8.345678043365478,9.030720615386963,0.4035854336377903,8.558968181610107,8.402696132659912,8.345678043365478,9.030720615386963,0.4035854336377903,8.558968181610107,8.402696132659912,8.345678043365478,9.030720615386963,0.4035854336377903,147.2781378173828,147.2890625,146.97515869140625,147.55317077636718,0.2473669934918521,8.558968181610107,8.402696132659912,8.345678043365478,9.030720615386963,0.4035854336377903,128.0,128.0,128.0,128.0,0.0,128.0,128.0,128.0,128.0,0.0,0.0,0.0,0.0,0.0,0.0,0.0,0.0,0.0,0.0,0.0,0.0,0.0,0.0,0.0,0.0,0.0,0.0,0.0,0.0,0.0,0.9999999932101069,0.9999999932106297,0.9999999931961292,0.9999999932227821,1.1394954497307084e-11,0.9999999932101069,0.9999999932106297,0.9999999931961292,0.9999999932227821,1.1394954497307084e-11,0.0,0.0,0.0,0.0,0.0,0.0,0.0,0.0,0.0,0.0,0.0,0.0,0.0,0.0,0.0,0.014732783564814812,0.01140625,0.010651957947530865,0.022398823302469142,0.008753698211940176,665.6563000488281,630.0100402832031,617.6474365234375,749.6130493164063,104.93972465913289,0.0,0.0,0.0,0.0,0.0,0.0,0.0,0.0,0.0,0.0,0.0018774305555555554,0.0018742766203703703,0.0017288773148148148,0.002041087962962963,0.00011065450065812446,3893.04,3886.5,3585.0,4232.4,229.45317256468692,0.0,0.0,0.0,0.0,0.0,1.7361111111111115e-07,0.0,0.0,4.822530864197531e-07,2.3148148148148146e-07,0.0,0.0,0.0,0.0,0.0,1.7361111111111115e-07,0.0,0.0,4.822530864197531e-07,2.3148148148148146e-07,0.09606936097520297,0.09605688488822148,0.09492762739474342,0.09738792292854447,0.0008994130412356755,1.040812346970416,1.0408277448365277,1.040210137751635,1.0414528738604723,0.0005300490235123866,0.9999999933301662,0.999999993330451,0.9999999933162587,0.9999999933444677,1.1427884617399364e-11,0.9999999933301662,0.999999993330451,0.9999999933162587,0.9999999933444677,1.1427884617399364e-11,5.954268932342529,5.954268932342529,5.954268932342529,5.954268932342529,0.0,7.81751823425293,7.81751823425293,7.81751823425293,7.81751823425293,0.0,0.9613189697265625,0.9613189697265625,0.9613189697265625,0.9613189697265625,0.0,0.0,0.0,0.0,0.0,0.0,619.5930786132812,619.5930786132812,619.5930786132812,619.5930786132812,0.0,0.0006640625,0.0006640625,0.0006640625,0.0006640625,0.0,0.00024402006172839503,0.00024402006172839506,0.00024402006172839506,0.00024402006172839506,2.710505431213761e-20,0.00012490354938271607,0.00012490354938271604,0.00012490354938271604,0.00012490354938271604,2.710505431213761e-20
morning,sunny,flat,calibration_flat,5x,50,1,147.41635467529298,147.42350006103516,146.811767578125,147.94821319580078,0.46530858209224624,147.3602685546875,147.40130615234375,146.7134231567383,147.85273284912108,0.4557938793585991,147.4656802368164,147.4205322265625,146.90310668945312,148.03197784423827,0.47689536481352784,8.033482122421265,7.876641273498535,7.80656623840332,8.532941055297853,0.40639261681636185,8.083709735870361,7.95378565788269,7.846313095092773,8.573951816558838,0.4005891932604293,7.995737533569336,7.82815957069397,7.768905925750732,8.527709102630615,0.41295211106919794,147.4163345336914,147.42350006103516,146.81173400878907,147.94818267822265,0.4653049427410757,8.033493089675904,7.876661539077759,7.806568241119384,8.532942867279052,0.4063909501569327,128.00002655029297,128.0000457763672,128.0,128.0000457763672,2.2593315452733886e-05,128.05269470214844,128.0890350341797,127.99851989746094,128.09515380859375,0.046174152410080126,0.003511267602443695,0.006053909659385681,0.0,0.006053909659385681,0.002987958614029182,0.19821384124457836,0.3063778728246689,0.04813074693083763,0.3072258085012436,0.12753564158945915,0.05608612060546875,0.095062255859375,0.0,0.0984832763671875,0.04774933879068231,0.10541168212890625,0.1780853271484375,-0.00296173095703125,0.190338134765625,0.09236088833388277,0.999619780526543,0.9993568602664509,0.9993320850620565,0.9999999932140308,0.0003237399216143636,0.9992858081844551,0.9987958515075088,0.9987123697833984,1.0000201125788908,0.0006259468361272518,-0.0807489013671875,-0.13657379150390625,-0.14441757202148436,0.001480865478515625,0.07004902961549879,-0.0005474131408135457,-0.0009239757632529438,-0.0009790554589518676,1.0059483612902642e-05,0.0004749857874234832,0.02926017386838794,0.03961765021085739,0.009828505106270313,0.04666397646069527,0.017026530252766937,0.01510517939814815,0.012059702932098765,0.011418306327160494,0.022774980709876547,0.008175607147992012,680.5588940429687,644.4956665039062,633.5435424804688,775.0219909667969,101.77635715965042,0.0,0.0,0.0,0.0,0.0,0.0,0.0,0.0,0.0,0.0,0.002007880015432099,0.0020382426697530863,0.0018098476080246914,0.002130883487654321,0.00012221706049816094,4163.54,4226.5,3752.9,4418.6,253.4292966489865,0.0,0.0,0.0,0.0,0.0,2.797067901234568e-07,0.0,0.0,9.645061728395062e-07,3.489593463565884e-07,0.0,0.0,0.0,0.0,0.0,2.797067901234568e-07,0.0,0.0,9.645061728395062e-07,3.489593463565884e-07,0.07555473281418466,0.07563205321391533,0.07447773893883708,0.07664545225210492,0.0008254453246818389,1.0473852227474811,1.0472614338944415,1.0465787468033372,1.04839129667828,0.0007680687392172016,0.999999993351991,0.999999993349753,0.9999999933281042,0.9999999933760603,2.098096529117414e-11,0.999999993351991,0.999999993349753,0.9999999933281042,0.9999999933760603,2.098096529117414e-11,5.975019454956055,5.975019454956055,5.975019454956055,5.975019454956055,0.0,7.866101312637329,7.866101312637329,7.866101312637329,7.866101312637329,0.0,1.930206298828125,1.930206298828125,1.930206298828125,1.930206298828125,0.0,0.15287017822265625,0.15287017822265625,0.15287017822265625,0.15287017822265625,0.0,604.4267578125,604.4267578125,604.4267578125,604.4267578125,0.0,0.0007696759259259258,0.0007696759259259259,0.0007696759259259259,0.0007696759259259259,1.0842021724855044e-19,0.0002826003086419753,0.0002826003086419753,0.0002826003086419753,0.0002826003086419753,0.0,0.00015480324074074075,0.00015480324074074075,0.00015480324074074075,0.00015480324074074075,0.0
morning,sunny,flat,calibration_flat,7x,50,1,148.51859100341798,148.516845703125,148.33654174804687,148.73043212890624,0.14409347660174077,148.05565856933595,148.2119140625,147.48537902832032,148.45385131835937,0.3734090266206296,148.52646728515626,148.60699462890625,148.11686096191406,148.83876342773436,0.27178579736324177,12.556209869384766,12.429505825042725,12.351479244232177,12.911767196655273,0.32983807490525063,12.578641319274903,12.467425346374512,12.348731136322021,12.99861125946045,0.3303551900633358,12.501506175994873,12.384803771972656,12.31292667388916,12.802261543273925,0.33681855668092636,148.31438049316407,148.4507827758789,147.79228515625,148.6765594482422,0.3385071010917338,12.556065540313721,12.432313919067383,12.357022762298584,12.920948314666749,0.32839386983253366,128.1227862548828,128.00001525878906,128.00001525878906,128.33255920410156,0.15737367416952763,128.17022552490235,128.19562530517578,128.1296875,128.20404815673828,0.04048428433960046,0.20265485861338675,0.005007692147046328,0.004784700646996499,0.5233336746692657,0.2535039200108673,0.49825459241867065,0.5065009295940399,0.5024977028369904,0.5145629525184632,0.07140830906394874,0.4629324340820313,0.24005889892578125,0.23528900146484374,0.8614425659179688,0.29993737985326396,0.4708087158203125,0.40685272216796875,0.38839874267578123,0.620648193359375,0.1255390117327527,0.9968823391414547,0.9983832296297681,0.9942074728699221,0.998414412834477,0.0020206990690763253,0.9968289886409759,0.9972629707638172,0.9958164856896871,0.9973853228624284,0.0008499077146795843,-0.4668705749511719,-0.323455810546875,-0.7406814575195313,-0.3118438720703125,0.20984014666951145,-0.0031507493384839084,-0.002178430706107892,-0.004999812349927649,-0.0021014748190547224,0.0014224891385829462,0.11812096536159515,0.10099392756819725,0.09604730680584908,0.15449332743883132,0.032965918207408705,0.019522405478395063,0.015669367283950617,0.014289930555555556,0.026170042438271604,0.011006542597404781,719.0313317871094,669.2836303710938,655.7218200683594,845.2205322265625,130.69257543910788,0.0,0.0,0.0,0.0,0.0,0.0,0.0,0.0,0.0,0.0,0.00044134837962962964,0.000431616512345679,0.0003989679783950617,0.0004986496913580247,4.6127066804037204e-05,915.18,895.0,827.3,1034.0,95.64908572485155,0.0,0.0,0.0,0.0,0.0,1.4467592592592595e-07,0.0,0.0,4.822530864197531e-07,2.4112654320987655e-07,0.0,0.0,0.0,0.0,0.0,1.6396604938271605e-07,0.0,0.0,4.822530864197531e-07,2.660708762371474e-07,0.19996598984015168,0.19938431084960978,0.19819602905132497,0.20229083220606286,0.0016086034559777927,1.154133268372594,1.154054590230903,1.15306858010545,1.1554896190741681,0.0009205917984424135,0.9980535579451995,0.9990294782700702,0.9962816325433372,0.9991020021432112,0.0013218215683106372,0.9988510091003575,0.9988203128995504,0.9986574661324217,0.9991279777163238,0.00023760105786213432,6.109917640686035,6.109917640686035,6.109917640686035,6.109917640686035,0.0,8.124654769897461,8.124654769897461,8.124654769897461,8.124654769897461,0.0,1.05670166015625,1.05670166015625,1.05670166015625,1.05670166015625,0.0,0.8099212646484375,0.8099212646484375,0.8099212646484375,0.8099212646484375,0.0,632.7711791992188,632.7711791992188,632.7711791992188,632.7711791992188,0.0,0.00024787808641975307,0.00024787808641975307,0.00024787808641975307,0.00024787808641975307,0.0,0.0001306905864197531,0.0001306905864197531,0.0001306905864197531,0.0001306905864197531,0.0,8.150077160493826e-05,8.150077160493827e-05,8.150077160493827e-05,8.150077160493827e-05,1.3552527156068805e-20
