relative_path,time_of_day,weather,scene,zoom,comparison_path,deploy_niqe,deploy_brisque,deploy_piqe,deploy_flat_hf_ratio,deploy_strong_edge_grad_ratio,deploy_sharpness_ratio,deploy_edge_density_ratio,deploy_hf_energy_ratio,deploy_ringing_ratio,deploy_raw_output_lowfreq_luma_mae,deploy_raw_output_chroma_mae,deploy_raw_output_diff_p95,deploy_risk_score,deploy_failure_labels,mtkd_niqe,mtkd_brisque,mtkd_piqe,mtkd_flat_hf_ratio,mtkd_strong_edge_grad_ratio,mtkd_sharpness_ratio,mtkd_edge_density_ratio,mtkd_hf_energy_ratio,mtkd_ringing_ratio,mtkd_raw_output_lowfreq_luma_mae,mtkd_raw_output_chroma_mae,mtkd_raw_output_diff_p95,mtkd_risk_score,mtkd_failure_labels,stkd_niqe,stkd_brisque,stkd_piqe,stkd_flat_hf_ratio,stkd_strong_edge_grad_ratio,stkd_sharpness_ratio,stkd_edge_density_ratio,stkd_hf_energy_ratio,stkd_ringing_ratio,stkd_raw_output_lowfreq_luma_mae,stkd_raw_output_chroma_mae,stkd_raw_output_diff_p95,stkd_risk_score,stkd_failure_labels,mtkd_minus_deploy_niqe,mtkd_minus_deploy_brisque,mtkd_minus_deploy_piqe,mtkd_minus_deploy_flat_hf_ratio,mtkd_minus_deploy_strong_edge_grad_ratio,mtkd_minus_deploy_sharpness_ratio,mtkd_minus_deploy_edge_density_ratio,mtkd_minus_deploy_hf_energy_ratio,mtkd_minus_deploy_ringing_ratio,mtkd_minus_deploy_raw_output_lowfreq_luma_mae,mtkd_minus_deploy_raw_output_chroma_mae,mtkd_minus_deploy_raw_output_diff_p95,mtkd_minus_deploy_risk_score,stkd_minus_deploy_niqe,stkd_minus_deploy_brisque,stkd_minus_deploy_piqe,stkd_minus_deploy_flat_hf_ratio,stkd_minus_deploy_strong_edge_grad_ratio,stkd_minus_deploy_sharpness_ratio,stkd_minus_deploy_edge_density_ratio,stkd_minus_deploy_hf_energy_ratio,stkd_minus_deploy_ringing_ratio,stkd_minus_deploy_raw_output_lowfreq_luma_mae,stkd_minus_deploy_raw_output_chroma_mae,stkd_minus_deploy_raw_output_diff_p95,stkd_minus_deploy_risk_score
afternoon/sunny/building/1x/frame_3825.png,afternoon,sunny,building,1x,afternoon/sunny/building/1x/frame_3825.compare.jpg,5.193214958106761,43.513916015625,50.348873138427734,0.9275342120303095,1.053438875811983,0.9287955917990908,0.9630681490869291,1.0150385610482244,1.0070048396412414,0.35421624779701233,0.5431018471717834,6.0,0,balanced,5.778938473227705,65.06695556640625,79.85565185546875,0.8123333178814521,0.94755332709084,0.6234133135167105,0.7507402500144018,0.8956755977086355,1.1128478228713135,5.6799163818359375,1.4336925745010376,14.0,1,tone_or_color_shift,5.850198459556538,60.112548828125,72.80864715576172,0.844272255278812,1.0076146040770866,0.6755005740713443,0.8430209113428193,0.9536665258388216,1.095700509253315,5.178400993347168,1.180323600769043,13.0,1,tone_or_color_shift,0.5857235151209439,21.55303955078125,29.506778717041016,-0.11520089414885737,-0.10588554872114309,-0.3053822782823803,-0.21232789907252725,-0.11936296333958896,0.10584298323007202,5.325700134038925,0.8905907273292542,8.0,1,0.6569835014497771,16.5986328125,22.459774017333984,-0.0832619567514975,-0.04582427173489645,-0.25329501772774643,-0.12004723774410975,-0.06137203520940282,0.08869566961207354,4.824184745550156,0.6372217535972595,7.0,1
afternoon/sunny/building/3x/frame_3925.png,afternoon,sunny,building,3x,afternoon/sunny/building/3x/frame_3925.compare.jpg,5.758497900521137,22.58648681640625,44.41748809814453,0.9266530983282124,1.0576415959615542,0.9100011693286588,0.9677446017150532,1.000311531723018,1.0613247173842904,0.22305189073085785,0.3672475516796112,6.0,0,balanced,6.60864137534719,42.902252197265625,82.08297729492188,0.7787090184143439,0.9292592796115978,0.5630098180741925,0.7795743361917553,0.8639127326469537,1.170750415477053,5.7819013595581055,1.1540964841842651,13.0,2,oversharpening_or_ringing_risk;tone_or_color_shift,6.644347658682586,33.532684326171875,67.83837890625,0.8087804489202134,0.9877762714628497,0.6218609930401519,0.8363983882632502,0.9184646863924675,1.1639941574490622,4.960132122039795,0.9405710101127625,11.0,2,oversharpening_or_ringing_risk;tone_or_color_shift,0.8501434748260532,20.315765380859375,37.665489196777344,-0.1479440799138685,-0.12838231634995634,-0.34699135125446634,-0.18817026552329785,-0.13639879907606434,0.10942569809276259,5.558849468827248,0.7868489325046539,7.0,2,0.8858497581614486,10.946197509765625,23.42089080810547,-0.11787264940799902,-0.06986532449870442,-0.28814017628850697,-0.13134621345180297,-0.08184684533055053,0.10266944006477186,4.737080231308937,0.5733234584331512,5.0,2
afternoon/sunny/building/5x/frame_4025.png,afternoon,sunny,building,5x,afternoon/sunny/building/5x/frame_4025.compare.jpg,6.128631397079159,44.86614990234375,37.73268508911133,0.8719600605248117,1.0605331672418825,0.3719589031753678,0.7663322523983246,1.0292496271179843,1.3370680614090202,0.1766921728849411,0.4207462966442108,7.0,1,oversharpening_or_ringing_risk,7.84889499096397,69.9964599609375,75.83944702148438,0.7713144534539592,0.8007051143886442,0.09806355334795078,0.5038339413592758,0.7412037630482096,1.2759974019351226,5.93520450592041,1.2987024784088135,12.0,3,oversmoothing_risk;oversharpening_or_ringing_risk;tone_or_color_shift,6.792323416920144,61.891326904296875,59.512474060058594,0.7619085926437748,0.8727362071980045,0.125369888740715,0.5676428860964735,0.7980595081530735,1.2670416155582394,5.011312961578369,1.1345263719558716,10.0,3,oversmoothing_risk;oversharpening_or_ringing_risk;tone_or_color_shift,1.7202635938848108,25.13031005859375,38.10676193237305,-0.10064560707085246,-0.2598280528532383,-0.27389534982741703,-0.26249831103904875,-0.2880458640697747,-0.06107065947389767,5.758512333035469,0.8779561817646027,5.0,2,0.663692019840985,17.025177001953125,21.779788970947266,-0.11005146788103692,-0.18779696004387803,-0.24658901443465278,-0.19868936630185108,-0.23119011896491082,-0.07002644585078088,4.834620788693428,0.7137800753116608,3.0,2
afternoon/sunny/building/7x/frame_4175.png,afternoon,sunny,building,7x,afternoon/sunny/building/7x/frame_4175.compare.jpg,6.945549779824987,41.53485107421875,20.029325485229492,0.8217948432888906,0.9095371940761808,0.19684725192533306,1.3040039818604137,0.8219163249440752,1.1636369139176093,0.19087733328342438,0.3818202614784241,6.0,1,oversharpening_or_ringing_risk,8.279511104830588,67.27487182617188,52.364803314208984,0.6919356141800136,0.6998469972781004,0.0471138636037325,0.5293109169339675,0.5606564615324771,1.3454133355034794,6.013615131378174,1.3579745292663574,12.0,3,oversmoothing_risk;oversharpening_or_ringing_risk;tone_or_color_shift,7.311288957304676,61.219635009765625,34.1285514831543,0.7298778400329549,0.7568516945245214,0.06010582520995983,0.5607233713084836,0.6087547750688331,1.3158882276070842,4.683394432067871,1.2109097242355347,10.0,3,oversmoothing_risk;oversharpening_or_ringing_risk;tone_or_color_shift,1.3339613250056015,25.740020751953125,32.33547782897949,-0.12985922910887704,-0.20969019679808043,-0.14973338832160055,-0.7746930649264462,-0.2612598634115981,0.18177642158587015,5.8227377980947495,0.9761542677879333,6.0,2,0.3657391774796892,19.684783935546875,14.099225997924805,-0.09191700325593577,-0.15268549955165944,-0.13674142671537323,-0.7432806105519301,-0.21316154987524205,0.15225131368947498,4.492517098784447,0.8290894627571106,4.0,2
afternoon/sunny/mixed/1x/frame_0125.png,afternoon,sunny,mixed,1x,afternoon/sunny/mixed/1x/frame_0125.compare.jpg,3.4020862518566743,22.29833984375,30.83624267578125,0.764587688023844,1.0095903752240116,0.7949698182047483,0.9111841504610608,0.8880920848723384,1.2808044313863707,0.25241443514823914,0.6610108017921448,10.0,1,oversharpening_or_ringing_risk,4.915297504098734,41.71929931640625,67.56775665283203,0.6414776960322731,0.9751476061750036,0.5469973915585733,0.7046790833561581,0.8198609266951241,1.413851794320492,5.424158096313477,1.694116473197937,19.0,3,oversharpening_or_ringing_risk;tone_or_color_shift;large_raw_deviation,4.756582833116949,29.67681884765625,50.50337219238281,0.6732391291092918,0.9860881117799042,0.5590756004605643,0.7654523874737515,0.8406150986223928,1.3774636047047244,4.755686283111572,1.5850920677185059,17.0,3,oversharpening_or_ringing_risk;tone_or_color_shift;large_raw_deviation,1.5132112522420598,19.42095947265625,36.73151397705078,-0.12310999199157091,-0.034442769049008004,-0.24797242664617503,-0.20650506710490268,-0.06823115817721426,0.13304736293412134,5.171743661165237,1.0331056714057922,9.0,2,1.3544965812602743,7.37847900390625,19.667129516601562,-0.09134855891455218,-0.02350226344410744,-0.23589421774418406,-0.14573176298730928,-0.04747698624994556,0.09665917331835372,4.503271847963333,0.9240812659263611,7.0,2
afternoon/sunny/mixed/3x/frame_0275.png,afternoon,sunny,mixed,3x,afternoon/sunny/mixed/3x/frame_0275.compare.jpg,3.7391007163095717,31.657958984375,31.584575653076172,0.8167360744023027,1.0191323226478248,0.7874085908277959,0.8450640298265522,0.9074323942529124,1.3390770923125574,0.3194713592529297,0.5671190023422241,9.0,1,oversharpening_or_ringing_risk,5.253134212439034,47.12811279296875,70.77666473388672,0.673529998950552,0.9863590475349582,0.5788999009247542,0.6723293888798832,0.8366755332696246,1.520738069397391,5.977712631225586,1.405683159828186,17.0,3,oversharpening_or_ringing_risk;tone_or_color_shift;large_raw_deviation,4.9913178419037845,35.490234375,46.93023681640625,0.6918325659132608,1.0008614128630358,0.5899147742749918,0.7286663733413612,0.8583555851134068,1.4683174109448436,4.969274044036865,1.270246148109436,15.0,3,oversharpening_or_ringing_risk;tone_or_color_shift;large_raw_deviation,1.514033496129462,15.47015380859375,39.19208908081055,-0.14320607545175068,-0.03277327511286665,-0.20850868990304172,-0.1727346409466689,-0.07075686098328782,0.18166097708483364,5.658241271972656,0.8385641574859619,8.0,2,1.2522171255942127,3.832275390625,15.345661163330078,-0.12490350848904186,-0.01827090978478907,-0.19749381655280407,-0.11639765648519096,-0.04907680913950563,0.12924031863228613,4.6498026847839355,0.7031271457672119,6.0,2
afternoon/sunny/mixed/5x/frame_0425.png,afternoon,sunny,mixed,5x,afternoon/sunny/mixed/5x/frame_0425.compare.jpg,4.164554050003669,33.33447265625,29.495159149169922,0.8286761780176319,1.0138768690789,0.5144769584279488,0.47582582487909764,0.8614613504859759,1.3389380922488507,0.31152284145355225,0.6151798963546753,10.0,1,oversharpening_or_ringing_risk,5.523516920157111,53.335205078125,75.87361145019531,0.655079828495369,0.8774215738620523,0.3076224033771868,0.30792123531674226,0.6781897190123651,1.5055549917629736,5.79603910446167,1.5718414783477783,18.0,4,oversmoothing_risk;oversharpening_or_ringing_risk;tone_or_color_shift;large_raw_deviation,4.5014425353961505,40.40606689453125,47.298866271972656,0.7100090734260749,0.934719924198586,0.34143270855420044,0.3638705162075423,0.7403693774539901,1.4603246618898935,4.76099157333374,1.2422603368759155,15.0,3,oversharpening_or_ringing_risk;tone_or_color_shift;large_raw_deviation,1.3589628701534426,20.000732421875,46.37845230102539,-0.17359634952226288,-0.13645529521684763,-0.206854555050762,-0.16790458956235538,-0.1832716314736108,0.16661689951412284,5.484516263008118,0.956661581993103,8.0,3,0.33688848539248184,7.07159423828125,17.803707122802734,-0.11866710459155705,-0.079156944880314,-0.1730442498737484,-0.11195530867155534,-0.12109197303198582,0.12138656964104277,4.449468731880188,0.6270804405212402,5.0,2
afternoon/sunny/mixed/7x/frame_0575.png,afternoon,sunny,mixed,7x,afternoon/sunny/mixed/7x/frame_0575.compare.jpg,4.427250131656663,35.3907470703125,20.362560272216797,0.8159673225888953,0.8958862156511961,0.3332672674816477,0.424476434827669,0.8170752754749833,1.232741826549868,0.27410888671875,0.5622680187225342,8.0,1,oversharpening_or_ringing_risk,6.746052115224424,55.5609130859375,77.45864868164062,0.5301698148744115,0.6079584194597265,0.12880849282927906,0.14787898703673277,0.5086339669456854,1.6897010599175726,5.684475421905518,1.3854022026062012,16.0,4,oversmoothing_risk;oversharpening_or_ringing_risk;tone_or_color_shift;large_raw_deviation,5.097771937936409,39.18988037109375,41.442298889160156,0.6228359253507413,0.7329674796899066,0.16584249801332782,0.22419669451430932,0.6200857521326104,1.45303817020061,4.0886688232421875,1.1463462114334106,13.0,3,oversmoothing_risk;oversharpening_or_ringing_risk;tone_or_color_shift,2.318801983567761,20.170166015625,57.09608840942383,-0.28579750771448376,-0.2879277961914696,-0.20445877465236864,-0.2765974477909362,-0.30844130852929785,0.4569592333677046,5.410366535186768,0.823134183883667,8.0,3,0.670521806279746,3.79913330078125,21.07973861694336,-0.19313139723815398,-0.16291873596128947,-0.16742476946831988,-0.20027974031335968,-0.19698952334237285,0.22029634365074213,3.8145599365234375,0.5840781927108765,5.0,2
afternoon/sunny/road_shaded/1x/frame_1725.png,afternoon,sunny,road_shaded,1x,afternoon/sunny/road_shaded/1x/frame_1725.compare.jpg,3.198558243479375,28.602294921875,30.69647216796875,0.949197017269658,1.0109254604148354,0.8941078187476141,0.9628200648618855,0.9979018662474851,0.9873781137126837,0.37591272592544556,0.8863105177879333,7.0,0,balanced,3.7871163806954606,42.2762451171875,48.38346862792969,0.8338131080151054,0.9129714441409336,0.4486241482767678,0.7531828091397189,0.8507627813502139,1.0253410264170528,6.018617630004883,2.2212979793548584,22.0,2,tone_or_color_shift;large_raw_deviation,4.113466326713285,37.80328369140625,42.66291046142578,0.8675361177937926,0.9666144171731931,0.5244712145435513,0.8352370313138223,0.9164823708750204,1.0494232389968292,5.371486186981201,1.9279518127441406,19.0,2,tone_or_color_shift;large_raw_deviation,0.5885581372160855,13.6739501953125,17.686996459960938,-0.11538390925455255,-0.09795401627390188,-0.44548367047084636,-0.20963725572216663,-0.14713908489727123,0.037962912704369134,5.642704904079437,1.334987461566925,15.0,2,0.9149080832339096,9.20098876953125,11.966438293457031,-0.08166089947586541,-0.04431104324164237,-0.36963660420406286,-0.12758303354806322,-0.08141949537246473,0.06204512528414552,4.995573461055756,1.0416412949562073,12.0,2
afternoon/sunny/road_shaded/3x/frame_2925.png,afternoon,sunny,road_shaded,3x,afternoon/sunny/road_shaded/3x/frame_2925.compare.jpg,3.8735292709417988,32.22216796875,24.116365432739258,0.9015234694990402,1.0189494983551963,0.8671852488822416,0.8901214533837064,0.9636796774459624,1.0606014607487615,0.2325170487165451,0.646869957447052,6.0,0,balanced,4.720161070210264,63.630859375,51.831878662109375,0.7805257646662331,0.9142429779193347,0.4793479725394776,0.6800924634667884,0.8181052611039813,1.1929285458910057,5.902431488037109,1.5507529973983765,17.0,4,oversmoothing_risk;oversharpening_or_ringing_risk;tone_or_color_shift;large_raw_deviation,4.550778230059546,46.35693359375,37.63139724731445,0.7952377441118494,0.9706169974153731,0.5549816345953398,0.7548027755943778,0.8764012626152882,1.1652095612646203,4.857085227966309,1.2337565422058105,14.0,2,oversharpening_or_ringing_risk;tone_or_color_shift,0.8466317992684655,31.40869140625,27.715513229370117,-0.12099770483280703,-0.1047065204358616,-0.387837276342764,-0.21002898991691799,-0.1455744163419811,0.13232708514224423,5.669914439320564,0.9038830399513245,11.0,4,0.6772489591177471,14.134765625,13.515031814575195,-0.10628572538719072,-0.04833250093982322,-0.3122036142869018,-0.1353186777893286,-0.08727841483067422,0.10460810051585878,4.6245681792497635,0.5868865847587585,8.0,2
afternoon/sunny/road_shaded/5x/frame_2175.png,afternoon,sunny,road_shaded,5x,afternoon/sunny/road_shaded/5x/frame_2175.compare.jpg,3.24288743948218,26.760498046875,30.9423770904541,0.9510962421386975,1.011596577424381,0.8912283017996993,0.9503635796338242,1.0042789047390395,1.0265697797258415,0.31785470247268677,0.8409669399261475,7.0,0,balanced,3.9042317458159723,41.43280029296875,48.53862380981445,0.7838878330991016,0.8841317466203689,0.41892061298273364,0.6980324065803983,0.8293382591589596,1.0270013484525093,6.400887966156006,2.5318644046783447,22.0,3,oversmoothing_risk;tone_or_color_shift;large_raw_deviation,3.974834467102841,35.42034912109375,42.5030517578125,0.8253500844036066,0.9518316524164794,0.5096697929087666,0.7951354402612343,0.9028590619775979,1.0728714434901503,5.7661662101745605,2.2072231769561768,19.0,2,tone_or_color_shift;large_raw_deviation,0.6613443063337923,14.67230224609375,17.59624671936035,-0.16720840903959588,-0.12746483080401205,-0.4723076888169656,-0.2523311730534259,-0.17494064558007982,0.0004315687266678303,6.083033263683319,1.6908974647521973,15.0,3,0.7319470276206608,8.65985107421875,11.560674667358398,-0.1257461577350909,-0.05976492500790154,-0.3815585088909327,-0.15522813937258995,-0.10141984276144156,0.046301663764308776,5.448311507701874,1.3662562370300293,12.0,2
afternoon/sunny/road_shaded/7x/frame_3125.png,afternoon,sunny,road_shaded,7x,afternoon/sunny/road_shaded/7x/frame_3125.compare.jpg,5.112690149571258,25.07635498046875,15.600757598876953,0.8003065205164831,0.7871761105652814,0.2950268232721947,0.2699352757501189,0.7465270997602451,1.1729283764626457,0.2528654634952545,0.4891893267631531,9.0,1,oversharpening_or_ringing_risk,6.094545467600443,50.5484619140625,49.15605926513672,0.5854938873008911,0.5323562249954131,0.09719347799711726,0.13096631443991813,0.4711324500420403,1.5107712313430997,5.685793876647949,1.1408237218856812,17.0,4,oversmoothing_risk;oversharpening_or_ringing_risk;tone_or_color_shift;large_raw_deviation,4.928622055175549,32.31793212890625,26.02296257019043,0.6472090293376462,0.6477210093947426,0.1455191532679266,0.15812154924626232,0.576832585753654,1.3906522195389128,4.037191867828369,0.7958024740219116,13.0,3,oversmoothing_risk;oversharpening_or_ringing_risk;tone_or_color_shift,0.9818553180291847,25.47210693359375,33.555301666259766,-0.21481263321559196,-0.25481988556986823,-0.19783334527507745,-0.13896896131020076,-0.2753946497182048,0.33784285488045396,5.432928413152695,0.6516343951225281,8.0,3,-0.18406809439570893,7.2415771484375,10.422204971313477,-0.15309749117883686,-0.13945510117053872,-0.1495076700042681,-0.11181372650385657,-0.16969451400659108,0.21772384307626713,3.7843264043331146,0.30661314725875854,4.0,2
morning/cloudy/building/1x/frame_4375.png,morning,cloudy,building,1x,morning/cloudy/building/1x/frame_4375.compare.jpg,5.721306379964643,46.32879638671875,51.75709533691406,0.9184180232642263,1.0740173011469232,0.9889449451017316,0.9816742413135904,1.027450171456013,1.025802238632589,0.33145761489868164,0.5055482983589172,6.0,0,balanced,6.322055872270254,62.841796875,80.44271850585938,0.771218062376152,0.9105181582562729,0.5595866108759255,0.7634755412207398,0.8521138475885937,1.0728469786499781,5.870774745941162,1.3216934204101562,14.0,2,oversmoothing_risk;tone_or_color_shift,6.562336985565797,58.83062744140625,73.31568145751953,0.8315017442642658,1.003155800961146,0.6493879674013749,0.8460853464518616,0.9451624070267756,1.1002794238452775,4.682670593261719,1.042995810508728,12.0,1,tone_or_color_shift,0.6007494923056109,16.51300048828125,28.685623168945312,-0.1471999608880743,-0.16349914289065026,-0.42935833422580605,-0.21819870009285058,-0.17533632386741926,0.04704474001738923,5.5393171310424805,0.816145122051239,8.0,2,0.8410306056011541,12.5018310546875,21.55858612060547,-0.08691627899996046,-0.07086150018577708,-0.33955697770035664,-0.13558889486172876,-0.08228776442923735,0.07447718521268865,4.351212978363037,0.5374475121498108,6.0,1
morning/cloudy/building/3x/frame_4725.png,morning,cloudy,building,3x,morning/cloudy/building/3x/frame_4725.compare.jpg,5.4643661310932945,26.71966552734375,44.10145950317383,0.9039077547611573,1.1077639617729562,0.7528978564655782,1.0261024444171478,1.0303399017097108,1.1310510388704818,0.20128881931304932,0.361863911151886,6.0,1,oversharpening_or_ringing_risk,6.668955108618401,50.065765380859375,82.90455627441406,0.7453597042086213,0.8452192022264425,0.34429633970283435,0.7545510379560252,0.7673350999158666,1.1326096864019397,6.005220413208008,1.137669563293457,12.0,2,oversmoothing_risk;tone_or_color_shift,6.098159096355582,35.5430908203125,67.49414825439453,0.7910861386406742,0.9480666424585878,0.4111493393562229,0.8872988576341974,0.8576970593800721,1.1368149584588532,4.456247329711914,0.8736391067504883,10.0,1,tone_or_color_shift,1.2045889775251064,23.346099853515625,38.803096771240234,-0.15854805055253596,-0.2625447595465137,-0.4086015167627438,-0.27155140646112264,-0.2630048017938442,0.0015586475314579573,5.8039315938949585,0.775805652141571,6.0,1,0.6337929652622876,8.82342529296875,23.392688751220703,-0.11282161612048303,-0.15969731931436837,-0.3417485171093553,-0.13880358678295046,-0.17264284232963867,0.005763919588371413,4.254958510398865,0.5117751955986023,4.0,0
morning/cloudy/building/5x/frame_4875.png,morning,cloudy,building,5x,morning/cloudy/building/5x/frame_4875.compare.jpg,5.549147581109991,25.9962158203125,43.53202438354492,0.942461979054509,1.086563932762152,0.8428580775734692,1.0031448338955915,1.0349498766394696,1.1319511495951204,0.19197522103786469,0.33889201283454895,6.0,1,oversharpening_or_ringing_risk,6.491556551552101,45.123138427734375,80.9316635131836,0.8179857978634061,0.8662897692599096,0.4534853091330739,0.7426096403453599,0.8039044481328446,1.2019158917838986,6.051578044891357,1.1411629915237427,12.0,2,oversharpening_or_ringing_risk;tone_or_color_shift,6.446878101441032,36.0330810546875,63.8899040222168,0.8423090369971455,0.9449314418328179,0.49718163365303053,0.8118817542455259,0.8740171501360599,1.20277566110108,4.61274528503418,0.8779197931289673,10.0,2,oversharpening_or_ringing_risk;tone_or_color_shift,0.9424089704421101,19.126922607421875,37.39963912963867,-0.12447618119110293,-0.22027416350224227,-0.3893727684403953,-0.2605351935502316,-0.23104542850662502,0.06996474218877813,5.859602823853493,0.8022709786891937,6.0,1,0.8977305203310415,10.036865234375,20.357879638671875,-0.10015294205736347,-0.14163249092933405,-0.34567644392043867,-0.19126307965006561,-0.16093272650340973,0.07082451150595959,4.420770063996315,0.5390277802944183,4.0,1
morning/cloudy/building/7x/frame_5025.png,morning,cloudy,building,7x,morning/cloudy/building/7x/frame_5025.compare.jpg,6.72364434682661,47.1126708984375,29.849136352539062,0.8755484287655063,1.0326542814680355,0.293763057574,1.6748688987494957,0.9607837975318345,1.210804772316478,0.1496398150920868,0.3097882866859436,5.0,1,oversharpening_or_ringing_risk,8.442848680675578,71.63189697265625,69.1162338256836,0.7444301100344396,0.737600651517564,0.06450038894989146,0.509009009009009,0.6212700569109699,1.1155017117348045,6.105135917663574,1.0799338817596436,11.0,2,oversmoothing_risk;tone_or_color_shift,7.2908371272637815,62.42242431640625,44.87855529785156,0.7465782077928801,0.8080574691424979,0.08724255919612507,0.6189323652010219,0.6826694339602072,1.1592691304694758,4.811959743499756,0.8926948308944702,9.0,3,oversmoothing_risk;oversharpening_or_ringing_risk;tone_or_color_shift,1.7192043338489675,24.51922607421875,39.26709747314453,-0.13111831873106672,-0.29505362995047146,-0.22926266862410855,-1.1658598897404868,-0.3395137406208646,-0.0953030605816736,5.955496102571487,0.7701455950737,6.0,1,0.5671927804371713,15.30975341796875,15.0294189453125,-0.12897022097262623,-0.22459681232553763,-0.20652049837787495,-1.0559365335484738,-0.27811436357162733,-0.05153564184700232,4.662319928407669,0.5829065442085266,4.0,2
morning/cloudy/mixed/1x/frame_0175.png,morning,cloudy,mixed,1x,morning/cloudy/mixed/1x/frame_0175.compare.jpg,3.693021477515419,30.19293212890625,32.90435028076172,0.9193211806911635,1.0304526587802731,0.8548739181103088,0.9430079373686358,0.9980156979854605,1.029416324769598,0.23546379804611206,0.516733705997467,5.0,0,balanced,4.709518053305746,52.44195556640625,66.80813598632812,0.7425395711751118,0.841284833064107,0.4322615891254389,0.586786889140213,0.7859767893257824,1.0724634228833612,5.5866475105285645,1.5082550048828125,16.0,3,oversmoothing_risk;tone_or_color_shift;large_raw_deviation,4.519985892756388,45.40081787109375,57.32609558105469,0.7948300824620329,0.917490220772814,0.4925511447607547,0.7125505445644258,0.8611784563511915,1.0593870022915437,4.888085842132568,1.2477710247039795,13.0,2,oversmoothing_risk;tone_or_color_shift,1.0164965757903266,22.2490234375,33.903785705566406,-0.1767816095160517,-0.1891678257161662,-0.4226123289848699,-0.3562210482284227,-0.21203890865967812,0.04304709811376317,5.351183712482452,0.9915212988853455,11.0,3,0.826964415240969,15.2078857421875,24.42174530029297,-0.12449109822913063,-0.1129624380074592,-0.3623227733495541,-0.23045739280420996,-0.13683724163426902,0.02997067752194571,4.652622044086456,0.7310373187065125,8.0,2
morning/cloudy/mixed/3x/frame_0525.png,morning,cloudy,mixed,3x,morning/cloudy/mixed/3x/frame_0525.compare.jpg,4.266167289196681,34.63177490234375,26.183048248291016,0.8705554390104536,1.04322874538917,0.7650464041974793,0.8945182848615222,0.9636962743202158,1.0766416323215844,0.2518673837184906,0.42932990193367004,6.0,0,balanced,5.250847129162251,52.8409423828125,69.99763488769531,0.6363527252024285,0.8044309618483376,0.34913061992662014,0.5451019929425974,0.7080623897167383,1.0807215642396142,5.695944309234619,1.239270806312561,16.0,3,oversmoothing_risk;tone_or_color_shift;large_raw_deviation,5.177544665480018,41.6766357421875,51.422386169433594,0.7158393157184393,0.9160144615259463,0.4307351671957873,0.697809410202788,0.8177147996944338,1.0982334195538002,4.356744289398193,1.003882646560669,12.0,2,oversmoothing_risk;tone_or_color_shift,0.9846798399655698,18.20916748046875,43.8145866394043,-0.23420271380802515,-0.23879778354083236,-0.4159157842708591,-0.34941629191892476,-0.25563388460347747,0.0040799319180298,5.4440769255161285,0.809940904378891,10.0,3,0.9113773762833368,7.04486083984375,25.239337921142578,-0.15471612329201434,-0.12721428386322364,-0.33431123700169196,-0.1967088746587342,-0.14598147462578193,0.021591787232215776,4.104876905679703,0.5745527446269989,6.0,2
morning/cloudy/mixed/5x/frame_0775.png,morning,cloudy,mixed,5x,morning/cloudy/mixed/5x/frame_0775.compare.jpg,4.356989993307601,37.12823486328125,27.810985565185547,0.8148370926357117,1.0251753780051318,0.5010267802085007,0.5347300726002964,0.8664485096791157,1.2313734154000202,0.35402628779411316,0.5257877707481384,10.0,1,oversharpening_or_ringing_risk,5.4896645412069836,52.8028564453125,75.18223571777344,0.6091693670736468,0.8726254906550894,0.28815900868564565,0.3406341849423468,0.6769524742724261,1.3457514877632424,5.592428684234619,1.2789276838302612,18.0,4,oversmoothing_risk;oversharpening_or_ringing_risk;tone_or_color_shift;large_raw_deviation,4.750372517583123,41.44659423828125,42.68330764770508,0.6845184356053825,0.9425760176436069,0.3282513682950594,0.40587082673901576,0.7558970986850213,1.3107875633625172,4.348440647125244,1.0705569982528687,15.0,3,oversharpening_or_ringing_risk;tone_or_color_shift;large_raw_deviation,1.1326745478993825,15.67462158203125,47.37125015258789,-0.20566772556206492,-0.15254988735004238,-0.21286777152285502,-0.19409588765794955,-0.18949603540668958,0.11437807236322217,5.238402396440506,0.7531399130821228,8.0,3,0.39338252427552156,4.318359375,14.872322082519531,-0.1303186570303292,-0.08259936036152493,-0.17277541191344126,-0.1288592458612806,-0.11055141099409438,0.07941414796249702,3.994414359331131,0.5447692275047302,5.0,2
morning/cloudy/mixed/7x/frame_0975.png,morning,cloudy,mixed,7x,morning/cloudy/mixed/7x/frame_0975.compare.jpg,4.452742511080692,32.66046142578125,27.086124420166016,0.8270699746098936,0.9967439011837653,0.35469562348658046,0.400910552520035,0.8415211124941978,1.2706625233747293,0.3442698121070862,0.5529226660728455,11.0,1,oversharpening_or_ringing_risk,5.930651478966602,50.999755859375,76.7422866821289,0.6181372581092162,0.7901045279389274,0.18092063359307684,0.2425341223959224,0.6135626285332314,1.4206530656662164,5.599606037139893,1.3010026216506958,18.0,4,oversmoothing_risk;oversharpening_or_ringing_risk;tone_or_color_shift;large_raw_deviation,5.053381057294269,39.254150390625,43.0550537109375,0.6890486193922642,0.8737825907337057,0.20910842251485426,0.29543199932828096,0.6982451945649886,1.365155813094228,4.312516689300537,1.1154909133911133,15.0,4,oversmoothing_risk;oversharpening_or_ringing_risk;tone_or_color_shift;large_raw_deviation,1.4779089678859094,18.33929443359375,49.65616226196289,-0.20893271650067746,-0.20663937324483794,-0.17377498989350362,-0.1583764301241126,-0.2279584839609664,0.14999054229148712,5.255336225032806,0.7480799555778503,7.0,3,0.6006385462135766,6.59368896484375,15.968929290771484,-0.13802135521762937,-0.12296131045005965,-0.1455872009717262,-0.10547855319175403,-0.14327591792920924,0.09449328971949877,3.968246877193451,0.5625682473182678,4.0,3
morning/cloudy/road_shaded/1x/frame_2275.png,morning,cloudy,road_shaded,1x,morning/cloudy/road_shaded/1x/frame_2275.compare.jpg,3.5106642333603584,27.617431640625,30.307600021362305,0.9664052675780502,1.024708389437439,0.9256778983415374,0.9558562259306803,1.0172878413919184,1.0164980752078203,0.3545418679714203,0.7857750058174133,7.0,0,balanced,4.045789493645623,39.245361328125,54.62432098388672,0.8035530069872088,0.9166330927481409,0.491095658712633,0.6801489088575097,0.8465473368615312,1.016235763326206,5.996217250823975,1.9862576723098755,19.0,2,tone_or_color_shift;large_raw_deviation,4.15149282760165,33.91705322265625,46.62208557128906,0.8481410926695717,0.9761124940890245,0.5779398576646608,0.7870012836970475,0.9192623281463447,1.034329531104501,5.217826843261719,1.6785821914672852,16.0,2,tone_or_color_shift;large_raw_deviation,0.5351252602852647,11.6279296875,24.316720962524414,-0.16285226059084146,-0.10807529668929805,-0.43458223962890435,-0.27570731707317064,-0.17074050453038725,-0.00026231188161429664,5.641675382852554,1.2004826664924622,12.0,2,0.6408285942412912,6.29962158203125,16.314485549926758,-0.11826417490847851,-0.048595895348414464,-0.3477380406768765,-0.16885494223363284,-0.09802551324557374,0.01783145589668078,4.8632849752902985,0.8928071856498718,9.0,2
morning/cloudy/road_shaded/3x/frame_3575.png,morning,cloudy,road_shaded,3x,morning/cloudy/road_shaded/3x/frame_3575.compare.jpg,3.692344719895478,30.239990234375,24.47686004638672,0.9042978082829403,1.0281137726968133,0.8768134209636959,0.9040884881818498,0.9738610985113054,1.040593940977143,0.23885595798492432,0.5785684585571289,6.0,0,balanced,4.839835639372792,59.1866455078125,57.39539337158203,0.7538606701256528,0.9386614834370787,0.49980450772489854,0.643110140286142,0.8299195116500045,1.1460396767406353,5.873717308044434,1.4280627965927124,16.0,2,tone_or_color_shift;large_raw_deviation,4.641519883917722,42.11297607421875,40.904212951660156,0.7928220997443602,0.9901896942079081,0.5769106175797425,0.7361541407038674,0.8898237812733553,1.109600490293638,4.5222086906433105,1.036283254623413,14.0,1,tone_or_color_shift,1.1474909194773137,28.9466552734375,32.91853332519531,-0.15043713815728743,-0.08945228925973459,-0.3770089132387973,-0.26097834789570784,-0.14394158686130087,0.10544573576349237,5.634861350059509,0.8494943380355835,10.0,2,0.9491751640222437,11.87298583984375,16.427352905273438,-0.11147570853858002,-0.03792407848890511,-0.29990280338395336,-0.16793434747798242,-0.08403731723795016,0.06900654931649508,4.283352732658386,0.4577147960662842,8.0,1
morning/cloudy/road_shaded/5x/frame_2775.png,morning,cloudy,road_shaded,5x,morning/cloudy/road_shaded/5x/frame_2775.compare.jpg,3.307767145108587,26.52880859375,30.4251766204834,0.9508355085169562,1.0185239589179447,0.9045983969954039,0.9486975946165759,1.0124398246814514,1.023733524723337,0.2957742214202881,0.7729291915893555,7.0,0,balanced,4.237858538807196,46.86767578125,51.92108154296875,0.7951164997786275,0.8856460856923476,0.4439542697887311,0.65660338469423,0.8283207581864056,1.0364446602714763,6.501829624176025,2.257359504699707,20.0,3,oversmoothing_risk;tone_or_color_shift;large_raw_deviation,4.162018318515459,39.9324951171875,45.30331039428711,0.8309350868951035,0.9506510252650108,0.5249573270414916,0.7680988669407399,0.900707333174574,1.0577724772461472,5.718259334564209,1.9414771795272827,17.0,2,tone_or_color_shift;large_raw_deviation,0.9300913936986093,20.3388671875,21.49590492248535,-0.15571900873832867,-0.13287787322559708,-0.4606441272066728,-0.2920942099223459,-0.18411906649504584,0.012711135548139296,6.206055402755737,1.4844303131103516,13.0,3,0.8542511734068721,13.4036865234375,14.878133773803711,-0.11990042162185266,-0.0678729336529339,-0.37964106995391234,-0.18059872767583596,-0.11173249150687747,0.034038952522810195,5.422485113143921,1.1685479879379272,10.0,2
morning/cloudy/road_shaded/7x/frame_3875.png,morning,cloudy,road_shaded,7x,morning/cloudy/road_shaded/7x/frame_3875.compare.jpg,6.723395767281717,37.51336669921875,14.423690795898438,0.7158677981113868,0.978005343012488,0.3074488147506937,1.0831127895566326,0.8565639744477597,1.1153037288683976,0.1446075141429901,0.35186800360679626,7.0,0,balanced,8.386524603713307,60.02587890625,55.20539855957031,0.5401506239151999,0.7554752923135197,0.09225973650830721,0.7613666775699545,0.5787249768618897,1.068707207606344,5.737171649932861,1.1047284603118896,12.0,2,oversmoothing_risk;tone_or_color_shift,7.4368330883899,46.252197265625,25.670177459716797,0.5893341536193549,0.798444023808725,0.12425879073888207,0.812037229771923,0.6341319810752911,1.033968861973048,3.3495824337005615,0.6670731902122498,9.0,2,oversmoothing_risk;tone_or_color_shift,1.6631288364315893,22.51251220703125,40.781707763671875,-0.17571717419618693,-0.22253005069896825,-0.21518907824238648,-0.32174611198667813,-0.27783899758586994,-0.0465965212620536,5.592564135789871,0.7528604567050934,5.0,2,0.7134373211081826,8.73883056640625,11.24648666381836,-0.12653364449203186,-0.17956131920376295,-0.18319002401181161,-0.27107555978470954,-0.22243199337246855,-0.08133486689534952,3.2049749195575714,0.3152051866054535,2.0,2
morning/sunny/building/1x/frame_4375.png,morning,sunny,building,1x,morning/sunny/building/1x/frame_4375.compare.jpg,5.478955465666705,45.17059326171875,45.112586975097656,0.9197890355943554,1.0624019186120803,0.9673744222944647,0.985790747122223,1.008890569665537,1.0219044722236068,0.3451269268989563,0.5706965923309326,6.0,0,balanced,6.2993960620377845,65.859130859375,78.46186065673828,0.8077641250894888,0.950419650647431,0.6026494887366924,0.7822420998606936,0.8728902435368184,1.0754259084087603,5.89436149597168,1.4695698022842407,15.0,2,tone_or_color_shift;large_raw_deviation,6.439246413661726,58.5855712890625,67.06722259521484,0.8688368265701949,1.0189581880289853,0.6552666042073138,0.8698829337439206,0.9499483448126487,1.0992744709470483,4.566349506378174,1.222075343132019,13.0,1,tone_or_color_shift,0.8204405963710792,20.68853759765625,33.349273681640625,-0.11202491050486663,-0.11198226796464938,-0.36472493355777225,-0.20354864726152944,-0.1360003261287186,0.05352143618515348,5.549234569072723,0.8988732099533081,9.0,2,0.9602909479950208,13.41497802734375,21.954635620117188,-0.05095220902416053,-0.04344373058309503,-0.31210781808715093,-0.11590781337830247,-0.05894222485288836,0.07736999872344152,4.2212225794792175,0.6513787508010864,7.0,1
morning/sunny/building/3x/frame_4475.png,morning,sunny,building,3x,morning/sunny/building/3x/frame_4475.compare.jpg,5.64010703589884,21.19384765625,46.755470275878906,0.9163180691908251,1.0687688903661077,0.9400272214685623,1.001182794664923,0.996971119767612,1.0573687619659744,0.29882463812828064,0.4021327495574951,6.0,0,balanced,6.6009444678273095,37.492889404296875,83.20791625976562,0.8190499355852899,0.9574015689938044,0.6332089741133318,0.8477079747285823,0.8595304447429535,1.1300220416418063,5.888406753540039,1.2379164695739746,13.0,1,tone_or_color_shift,6.202548890435636,24.67633056640625,60.276634216308594,0.8600481635308529,1.0073916865980155,0.6695460781668827,0.8996355453837351,0.9179090469246223,1.1459169286747244,4.387487888336182,0.8948211073875427,11.0,1,tone_or_color_shift,0.9608374319284696,16.299041748046875,36.45244598388672,-0.09726813360553521,-0.11136732137230332,-0.30681824735523056,-0.1534748199363407,-0.1374406750246585,0.0726532796758319,5.589582115411758,0.8357837200164795,7.0,1,0.5624418545367957,3.48248291015625,13.521163940429688,-0.05626990565997225,-0.06137720376809219,-0.2704811433016796,-0.10154724928118786,-0.07906207284298972,0.08854816670874999,4.088663250207901,0.4926883578300476,5.0,1
morning/sunny/building/5x/frame_4675.png,morning,sunny,building,5x,morning/sunny/building/5x/frame_4675.compare.jpg,5.358224979435644,21.25482177734375,50.28616714477539,0.9534428828528756,1.0809719096570924,0.9607491508120493,1.0049312158608132,1.0377251958783587,1.0914879660767391,0.2113509625196457,0.44251108169555664,6.0,1,oversharpening_or_ringing_risk,6.114862616126326,38.3099365234375,83.03458404541016,0.8678154304078085,0.9147852191461061,0.6099349987535634,0.8111470766740845,0.8516264427929487,1.1113674219418592,5.977457046508789,1.2334425449371338,12.0,1,tone_or_color_shift,5.960841173812053,28.01959228515625,66.97236633300781,0.8979135873977642,0.9804894118443916,0.6539286834746244,0.8526451547643131,0.9160191431667749,1.1536700306857193,4.612633228302002,1.072882890701294,10.0,2,oversharpening_or_ringing_risk;tone_or_color_shift,0.7566376366906828,17.05511474609375,32.748416900634766,-0.08562745244506709,-0.16618669051098633,-0.3508141520584859,-0.19378413918672877,-0.1860987530854099,0.019879455865120077,5.766106083989143,0.7909314632415771,6.0,0,0.6026161943764095,6.7647705078125,16.686199188232422,-0.05552929545511143,-0.1004824978127008,-0.30682046733742485,-0.1522860610965001,-0.12170605271158375,0.062182064608980125,4.401282265782356,0.6303718090057373,4.0,1
morning/sunny/building/7x/frame_4825.png,morning,sunny,building,7x,morning/sunny/building/7x/frame_4825.compare.jpg,5.334732916070068,24.902587890625,39.7103157043457,0.8900298556425212,1.0068744823022342,0.5780423324909124,0.9936995439823394,0.9510656702379359,1.1447001116968654,0.19340279698371887,0.45265433192253113,7.0,0,balanced,6.540163170556678,43.413848876953125,76.44025421142578,0.8160952663084465,0.8065166239396001,0.3462159745043717,0.6730530624083533,0.7376039876789183,1.219002825826217,5.992791175842285,1.441095232963562,13.0,2,oversharpening_or_ringing_risk;tone_or_color_shift,5.789260395261912,36.53826904296875,49.97344970703125,0.8241040327966349,0.8693628659246134,0.3757148914472246,0.78921671312783,0.7910781352035692,1.1658416166628374,4.674606800079346,1.1725045442581177,11.0,2,oversharpening_or_ringing_risk;tone_or_color_shift,1.2054302544866102,18.511260986328125,36.72993850708008,-0.07393458933407471,-0.2003578583626341,-0.23182635798654072,-0.3206464815739861,-0.21346168255901754,0.07430271412935174,5.799388378858566,0.9884409010410309,6.0,2,0.4545274791918441,11.63568115234375,10.263134002685547,-0.06592582284588633,-0.13751161637762077,-0.20232744104368783,-0.20448283085450936,-0.1599875350343667,0.021141504965972002,4.481204003095627,0.7198502123355865,4.0,2
morning/sunny/dark/1x/frame_3425.png,morning,sunny,dark,1x,morning/sunny/dark/1x/frame_3425.compare.jpg,7.188860656941728,45.79913330078125,28.322898864746094,0.8697603367176648,0.9010159614758164,0.4737464775322023,0.6857034931241431,0.8639278156320632,0.9119068316394621,0.24614804983139038,1.2892385721206665,8.0,0,balanced,9.628289687682818,63.661376953125,55.92781448364258,0.4629770347147403,0.4447506250237223,0.09297431459284378,0.11341337527557159,0.44049229372967696,0.6466558442868953,4.948449611663818,2.6055150032043457,22.0,3,oversmoothing_risk;tone_or_color_shift;large_raw_deviation,9.601172974942678,57.6473388671875,55.11216354370117,0.4647485011941454,0.4734016511131192,0.09502895098739744,0.12223166573859696,0.45671441933069745,0.6630466949971323,6.039431095123291,2.4918925762176514,22.0,3,oversmoothing_risk;tone_or_color_shift;large_raw_deviation,2.43942903074109,17.86224365234375,27.604915618896484,-0.40678330200292456,-0.4562653364520941,-0.3807721629393585,-0.5722901178485715,-0.42343552190238626,-0.2652509873525668,4.702301561832428,1.3162764310836792,14.0,3,2.41231231800095,11.84820556640625,26.789264678955078,-0.40501183552351944,-0.4276143103626972,-0.37871752654480484,-0.5634718273855461,-0.40721339630136577,-0.24886013664232975,5.793283045291901,1.2026540040969849,14.0,3
morning/sunny/dark/7x/frame_4275.png,morning,sunny,dark,7x,morning/sunny/dark/7x/frame_4275.compare.jpg,7.780339179785049,46.60308837890625,31.987592697143555,0.8627518730391752,0.9437515806959661,0.5382129360941755,0.6971709246854274,0.87600479966793,0.9200132373998391,0.27177223563194275,1.1728527545928955,7.0,0,balanced,9.823448333137868,63.2628173828125,55.927650451660156,0.4509282066858397,0.42094080868405626,0.09194150952267191,0.09299629327969948,0.42733137543496597,0.6519174338304365,4.729033946990967,2.300034761428833,20.0,3,oversmoothing_risk;tone_or_color_shift;large_raw_deviation,10.155020554765576,57.50054931640625,54.052215576171875,0.4325727085710501,0.4494662995620035,0.09774942309784276,0.09801200113030036,0.43133349019351674,0.6546110816368208,5.634781360626221,2.1716179847717285,20.0,3,oversmoothing_risk;tone_or_color_shift;large_raw_deviation,2.0431091533528196,16.65972900390625,23.9400577545166,-0.4118236663533355,-0.5228107720119098,-0.44627142657150365,-0.6041746314057279,-0.448673424232964,-0.26809580356940255,4.457261711359024,1.1271820068359375,13.0,3,2.3746813749805273,10.8974609375,22.06462287902832,-0.4301791644681251,-0.4942852811339626,-0.4404635129963328,-0.599158923555127,-0.44467130947441325,-0.2654021557630183,5.363009124994278,0.998765230178833,13.0,3
morning/sunny/flat/1x/frame_0225.png,morning,sunny,flat,1x,morning/sunny/flat/1x/frame_0225.compare.jpg,8.538385706130633,31.22796630859375,5.917209625244141,0.4993858564358521,0.4411541699503677,0.11988975095967666,0.16083411126619998,0.4559617131726133,0.6642053136021189,0.352343887090683,0.6695223450660706,16.0,2,oversmoothing_risk;large_raw_deviation,6.019483294351745,45.724609375,32.600040435791016,0.190944377506512,0.15834863756396853,0.010951851220185146,0.004131853797596501,0.1827250180713353,0.4774472460862575,5.497213363647461,0.9894466400146484,23.0,3,oversmoothing_risk;tone_or_color_shift;large_raw_deviation,6.973416228021897,44.78790283203125,9.034783363342285,0.3408188454223104,0.3285312721817892,0.040778198465588174,0.03432520520405732,0.33064799289782876,0.6162564171827958,4.18790864944458,0.8189409971237183,19.0,3,oversmoothing_risk;tone_or_color_shift;large_raw_deviation,-2.518902411778888,14.49664306640625,26.682830810546875,-0.3084414789293401,-0.28280553238639916,-0.10893789973949151,-0.15670225746860347,-0.273236695101278,-0.18675806751586138,5.144869476556778,0.3199242949485779,7.0,1,-1.5649694781087362,13.5599365234375,3.1175737380981445,-0.1585670110135417,-0.11262289776857853,-0.0791115524940885,-0.12650890606214266,-0.12531372027478455,-0.047948896419323095,3.835564762353897,0.1494186520576477,3.0,1
morning/sunny/flat/3x/frame_1375.png,morning,sunny,flat,3x,morning/sunny/flat/3x/frame_1375.compare.jpg,12.519693182296587,55.995361328125,4.110562801361084,0.38090460536589194,0.23853080176150043,0.06438952121110013,0.0005151595109754106,0.320278672579448,0.48291436548274524,0.1562473028898239,0.496786504983902,11.0,1,oversmoothing_risk,10.345429256313142,44.30108642578125,38.418704986572266,0.11713325821625271,0.07270918070228694,0.006336817033998688,0.00020103785794162366,0.10430156155225113,0.187614496549993,5.654620170593262,0.9922608137130737,17.0,3,oversmoothing_risk;tone_or_color_shift;large_raw_deviation,11.613740475098558,33.316650390625,7.103187561035156,0.21811600443757523,0.17610372831396284,0.020305317124901964,0.0004020757158832473,0.19787592683518196,0.3093330868172764,3.5103843212127686,0.8108699917793274,14.0,2,oversmoothing_risk;tone_or_color_shift,-2.1742639259834444,-11.69427490234375,34.30814218521118,-0.26377134714963923,-0.1658216210592135,-0.05805270417710144,-0.00031412165303378693,-0.21597711102719686,-0.2952998689327523,5.498372867703438,0.49547430872917175,6.0,2,-0.9059527071980291,-22.6787109375,2.9926247596740723,-0.1627886009283167,-0.06242707344753759,-0.04408420408619816,-0.00011308379509216327,-0.12240274574426602,-0.17358127866546885,3.3541370183229446,0.3140834867954254,3.0,1
morning/sunny/flat/5x/frame_1675.png,morning,sunny,flat,5x,morning/sunny/flat/5x/frame_1675.compare.jpg,12.624766455303376,58.38287353515625,4.050624847412109,0.36822489341827425,0.2275434136644542,0.06136662698437403,0.00043816942551119765,0.3083658931222537,0.5105519179682705,0.1542252153158188,0.4692286252975464,11.0,1,oversmoothing_risk,11.561406628769607,44.35150146484375,49.42342758178711,0.10212616054115255,0.06420436752340915,0.006030453377031961,9.737098344693281e-05,0.09141631118320095,0.22766113225408477,5.654240131378174,1.0251089334487915,17.0,3,oversmoothing_risk;tone_or_color_shift;large_raw_deviation,11.698338501487148,35.264892578125,7.211334228515625,0.2108952544769448,0.17137021419920986,0.019918585214021216,9.737098344693281e-05,0.1919546934660107,0.3751796089517167,3.5616769790649414,0.7777905464172363,14.0,2,oversmoothing_risk;tone_or_color_shift,-1.0633598265337696,-14.0313720703125,45.372802734375,-0.2660987328771217,-0.16333904614104505,-0.05533617360734207,-0.0003407984420642648,-0.21694958193905275,-0.2828907857141857,5.500014916062355,0.5558803081512451,6.0,2,-0.9264279538162281,-23.11798095703125,3.1607093811035156,-0.15732963894132945,-0.05617319946524435,-0.041448041770352814,-0.0003407984420642648,-0.116411199656243,-0.13537230901655378,3.4074517637491226,0.30856192111968994,3.0,1
morning/sunny/flat/7x/frame_2225.png,morning,sunny,flat,7x,morning/sunny/flat/7x/frame_2225.compare.jpg,11.463328069129313,46.20306396484375,4.43071985244751,0.36345199335282863,0.22029839007837468,0.05490152356060445,0.00010700091715071843,0.2980612859956826,0.48703818642110236,0.14730653166770935,0.44007620215415955,12.0,1,oversmoothing_risk,9.886886106319539,41.17230224609375,44.98835754394531,0.10814055099200755,0.06393739810399343,0.005619823435209352,6.114338122898196e-05,0.09236662628747457,0.18750606695025007,5.636960029602051,1.0620447397232056,18.0,3,oversmoothing_risk;tone_or_color_shift;large_raw_deviation,10.747784581384906,31.488037109375,6.30584716796875,0.2163970929116429,0.1733350086690982,0.019065142540616687,0.0001222867624579639,0.19422246326401305,0.3518925631245839,3.7630717754364014,0.7064135074615479,15.0,3,oversmoothing_risk;tone_or_color_shift;large_raw_deviation,-1.5764419628097741,-5.03076171875,40.5576376914978,-0.2553114423608211,-0.15636099197438125,-0.0492817001253951,-4.585753592173648e-05,-0.20569465970820805,-0.2995321194708523,5.489653497934341,0.621968537569046,6.0,2,-0.7155434877444069,-14.71502685546875,1.8751273155212402,-0.14705490044118572,-0.04696338140927647,-0.03583638101998776,1.528584530724548e-05,-0.10383882273166956,-0.13514562329651847,3.615765243768692,0.2663373053073883,3.0,2
morning/sunny/mixed/1x/frame_0425.png,morning,sunny,mixed,1x,morning/sunny/mixed/1x/frame_0425.compare.jpg,3.6401105458781706,25.07861328125,34.19279479980469,0.8628176654507208,1.0177065381133992,0.8489413737283062,0.9793792230866557,0.960640127624407,1.0324095283442556,0.1883397102355957,0.4046679735183716,5.0,0,balanced,5.284017716377552,55.116058349609375,68.94407653808594,0.6222655216647969,0.8255819692969432,0.5297658439047623,0.5214418391794762,0.7462292997156976,1.2088358573583753,5.331937313079834,1.2767773866653442,14.0,3,oversmoothing_risk;oversharpening_or_ringing_risk;tone_or_color_shift,5.061899477099399,44.9547119140625,57.023990631103516,0.6580687945953831,0.8760627820744887,0.5456099879208733,0.6222754641469478,0.7957665750768687,1.1467428886758047,4.834447383880615,1.0326403379440308,12.0,2,oversmoothing_risk;tone_or_color_shift,1.6439071704993817,30.037445068359375,34.75128173828125,-0.24055214378592393,-0.192124568816456,-0.3191755298235439,-0.45793738390717953,-0.21441082790870936,0.1764263290141197,5.143597602844238,0.8721094131469727,9.0,3,1.421788931221228,19.8760986328125,22.831195831298828,-0.20474887085533766,-0.14164375603891044,-0.3033313858074329,-0.3571037589397079,-0.16487355254753833,0.11433336033154906,4.6461076736450195,0.6279723644256592,7.0,2
morning/sunny/mixed/3x/frame_0575.png,morning,sunny,mixed,3x,morning/sunny/mixed/3x/frame_0575.compare.jpg,3.8901811070241923,25.8363037109375,26.56041145324707,0.9020300744748673,0.9677630380082352,0.46378408196636334,0.9414045434687636,0.8959254920039054,1.1227265224361216,0.15338197350502014,0.288017213344574,5.0,0,balanced,5.822856690576516,60.21234130859375,73.12504577636719,0.6172519562596085,0.5661219782910007,0.14547259423492878,0.3551769331585845,0.5276862799166401,1.1196248607484713,5.7259087562561035,1.0421680212020874,14.0,2,oversmoothing_risk;tone_or_color_shift,5.161645604549508,45.709075927734375,41.54414367675781,0.6726766376175318,0.6889762496847832,0.19393174888906692,0.4841497378768021,0.6233756809684008,1.1101058141487643,4.645294666290283,0.7552254796028137,10.0,2,oversmoothing_risk;tone_or_color_shift,1.9326755835523235,34.37603759765625,46.56463432312012,-0.2847781182152588,-0.4016410597172344,-0.3183114877314346,-0.5862276103101791,-0.3682392120872653,-0.003101661687650248,5.572526782751083,0.7541508078575134,9.0,2,1.271464497525316,19.872772216796875,14.983732223510742,-0.22935343685733545,-0.27878678832345194,-0.2698523330772964,-0.45725480559196147,-0.2725498110355046,-0.012620708287357285,4.491912692785263,0.46720826625823975,5.0,2
morning/sunny/mixed/5x/frame_0825.png,morning,sunny,mixed,5x,morning/sunny/mixed/5x/frame_0825.compare.jpg,4.288997743356229,18.392822265625,16.353229522705078,0.8519970933408944,0.8331378436552876,0.2687997949649361,0.46213054921637076,0.7630022142747862,1.2582928439291334,0.17038117349147797,0.33049502968788147,7.0,1,oversharpening_or_ringing_risk,6.223718303617713,56.495086669921875,67.94593048095703,0.597807121873961,0.4885639780336173,0.06729578077047477,0.21949571011680888,0.4434872806694351,1.2739780224534714,5.548437118530273,1.0735828876495361,15.0,4,oversmoothing_risk;oversharpening_or_ringing_risk;tone_or_color_shift;large_raw_deviation,5.196450623929341,38.142333984375,32.49543380737305,0.6613470720115707,0.611361924671642,0.10177975536873544,0.2938669380809631,0.5400236528561699,1.2618893968567944,4.3882951736450195,0.795267641544342,12.0,3,oversmoothing_risk;oversharpening_or_ringing_risk;tone_or_color_shift,1.9347205602614839,38.102264404296875,51.59270095825195,-0.25418997146693334,-0.34457386562167036,-0.20150401419446134,-0.24263483909956188,-0.3195149336053511,0.015685178524337928,5.3780559450387955,0.7430878579616547,8.0,3,0.9074528805731115,19.74951171875,16.14220428466797,-0.19065002132932363,-0.22177591898364568,-0.16702003959620065,-0.16826361113540766,-0.22297856141861627,0.003596552927660923,4.217914000153542,0.46477261185646057,5.0,2
morning/sunny/mixed/7x/frame_1025.png,morning,sunny,mixed,7x,morning/sunny/mixed/7x/frame_1025.compare.jpg,6.403310899349854,22.75042724609375,6.391400337219238,0.5992943247378463,0.5061153829022237,0.11309955672671224,0.06581052719074039,0.5385958250395332,1.4173206475958005,0.17573586106300354,0.32603010535240173,9.0,2,oversmoothing_risk;oversharpening_or_ringing_risk,8.141502941670474,60.066162109375,52.444976806640625,0.307251270239208,0.2153174226234932,0.011106023278266305,0.03216757060033664,0.26083629577824086,1.5907250610575148,5.497851848602295,0.987951397895813,16.0,4,oversmoothing_risk;oversharpening_or_ringing_risk;tone_or_color_shift;large_raw_deviation,6.103805746794175,34.535400390625,24.437232971191406,0.39975456837501955,0.33112524951392047,0.028718280474732412,0.0384015959104794,0.35260582257997114,1.5017271096258606,3.7444660663604736,0.7439228892326355,12.0,3,oversmoothing_risk;oversharpening_or_ringing_risk;tone_or_color_shift,1.7381920423206196,37.31573486328125,46.05357646942139,-0.29204305449863827,-0.2907979602787305,-0.10199353344844593,-0.03364295659040375,-0.2777595292612923,0.1734044134617143,5.322115987539291,0.6619212925434113,7.0,2,-0.2995051525556791,11.78497314453125,18.045832633972168,-0.19953975636282673,-0.17499013338830322,-0.08438127625197983,-0.027408931280260992,-0.18599000245956204,0.08440646203006019,3.56873020529747,0.41789278388023376,3.0,1
morning/sunny/road_shaded/1x/frame_1925.png,morning,sunny,road_shaded,1x,morning/sunny/road_shaded/1x/frame_1925.compare.jpg,3.0768599935911856,27.6129150390625,33.79800033569336,0.954607792008861,1.0080690082237511,0.8601615671393196,0.9374625431399698,0.9901157008924483,1.011175015623132,0.35157424211502075,0.8740403056144714,7.0,0,balanced,3.804903252811443,39.03839111328125,51.344608306884766,0.7994158947093226,0.8891416992550054,0.39555677631960817,0.7013396639732171,0.8218616238442794,1.0626635883786302,5.969588279724121,2.128387212753296,22.0,3,oversmoothing_risk;tone_or_color_shift;large_raw_deviation,3.9531935622497385,35.0091552734375,47.36985778808594,0.8372527014915067,0.945785321879268,0.4645573700345411,0.7785576267333485,0.8851964317190107,1.077951486479265,5.59837532043457,1.8482633829116821,19.0,2,tone_or_color_shift;large_raw_deviation,0.7280432592202573,11.42547607421875,17.546607971191406,-0.15519189729953842,-0.1189273089687457,-0.4646047908197114,-0.23612287916675267,-0.16825407704816886,0.05148857275549812,5.6180140376091,1.2543469071388245,15.0,3,0.8763335686585529,7.396240234375,13.571857452392578,-0.11735509051735438,-0.062283686344483113,-0.39560419710477845,-0.1589049164066213,-0.10491926917343752,0.06677647085613292,5.24680107831955,0.9742230772972107,12.0,2
morning/sunny/road_shaded/3x/frame_3075.png,morning,sunny,road_shaded,3x,morning/sunny/road_shaded/3x/frame_3075.compare.jpg,3.9267207481419324,35.195556640625,28.080951690673828,0.877446413291396,1.0327746277879257,0.9025729531004507,0.9659116919064222,0.9772524333387301,1.041364029590646,0.23725539445877075,0.5377271175384521,6.0,0,balanced,5.160523293073511,70.53399658203125,60.48120880126953,0.6953950257513811,0.8967465187896786,0.4842825163982057,0.7191600351316104,0.8002690873367598,1.1178668963677423,5.554080963134766,1.4911390542984009,15.0,3,oversmoothing_risk;tone_or_color_shift;large_raw_deviation,4.832634084945661,54.92633056640625,45.54523468017578,0.7183330168762758,0.9669474460176947,0.5793240001600829,0.8077768610438346,0.8658434705296405,1.1035809382247233,4.521728038787842,1.0180275440216064,13.0,1,tone_or_color_shift,1.2338025449315784,35.33843994140625,32.4002571105957,-0.18205138754001493,-0.13602810899824713,-0.418290436702245,-0.2467516567748118,-0.1769833460019703,0.07650286677709639,5.316825568675995,0.9534119367599487,9.0,3,0.9059133368037284,19.73077392578125,17.464282989501953,-0.15911339641512023,-0.06582718177023106,-0.3232489529403678,-0.15813483086258762,-0.11140896280908963,0.06221690863407736,4.284472644329071,0.4803004264831543,7.0,1
morning/sunny/road_shaded/5x/frame_2275.png,morning,sunny,road_shaded,5x,morning/sunny/road_shaded/5x/frame_2275.compare.jpg,3.5227177266966585,29.8115234375,31.548622131347656,0.9073423359490917,1.009026914529107,0.8821245616965946,0.9450004594071265,0.9968929079024874,1.040254778549978,0.26707953214645386,0.7595712542533875,6.0,0,balanced,4.559623440968155,50.96893310546875,50.305450439453125,0.7626923717083766,0.8508585375793232,0.4102629305796175,0.6522015810411186,0.8017764331437401,1.0848170508569628,6.642601490020752,2.065272808074951,20.0,3,oversmoothing_risk;tone_or_color_shift;large_raw_deviation,4.526281072486093,44.0211181640625,44.878597259521484,0.7798178371819865,0.929664936041049,0.49929206386513675,0.7613771324147459,0.8761960783532611,1.0967730761045833,5.8295793533325195,1.854490041732788,17.0,2,tone_or_color_shift;large_raw_deviation,1.0369057142714961,21.15740966796875,18.75682830810547,-0.1446499642407152,-0.15816837694978392,-0.4718616311169771,-0.29279887836600793,-0.19511647475874727,0.04456227230698473,6.375521957874298,1.3057015538215637,14.0,3,1.0035633457894342,14.2095947265625,13.329975128173828,-0.12752449876710525,-0.07936197848805804,-0.38283249783145784,-0.1836233269923806,-0.12069682954922634,0.056518297554605246,5.562499821186066,1.0949187874794006,11.0,2
morning/sunny/road_shaded/7x/frame_3425.png,morning,sunny,road_shaded,7x,morning/sunny/road_shaded/7x/frame_3425.compare.jpg,5.716132789267313,31.743896484375,18.392311096191406,0.8080666898712463,0.9206563640412673,0.3532259546252955,0.464165382271766,0.8394939149127754,1.3294167557364123,0.1782011091709137,0.42564982175827026,8.0,1,oversharpening_or_ringing_risk,7.34010702506752,56.2103271484375,61.18115234375,0.5799431125935506,0.682847482595133,0.13781304959511026,0.3285512025520628,0.5687966329033304,1.4485709182930482,5.757573127746582,1.1000382900238037,15.0,4,oversmoothing_risk;oversharpening_or_ringing_risk;tone_or_color_shift;large_raw_deviation,6.2019640599145225,38.1668701171875,32.854305267333984,0.6376891563371232,0.753183323219988,0.17840744011471785,0.3503709810387469,0.6446652297709041,1.3815397296859158,3.6630280017852783,0.6734164953231812,11.0,3,oversmoothing_risk;oversharpening_or_ringing_risk;tone_or_color_shift,1.6239742358002074,24.4664306640625,42.788841247558594,-0.22812357727769572,-0.23780888144613432,-0.21541290503018523,-0.1356141797197032,-0.270697282009445,0.11915416255663591,5.579372018575668,0.6743884682655334,7.0,3,0.48583127064720966,6.4229736328125,14.461994171142578,-0.1703775335341231,-0.16747304082127923,-0.17481851451057764,-0.1137944012330191,-0.19482868514187124,0.05212297394950349,3.4848268926143646,0.2477666735649109,3.0,2
