file_path,scene_label,time_label,zoom_label,width,height,mean_r,mean_g,mean_b,std_r,std_g,std_b,mean_y,std_y,mean_cr,mean_cb,tint_rg,tint_bg,edge_density,high_freq_energy,dark_region_ratio,dark_noise_std,hot_pixel_ratio,hot_pixel_count,temporal_noise
/home/jshong/Code/unfied-sr-denoise-platform/results/mc_g105_capture_deploy/day/1x/frame_1401.png,1x,day,1x,1920,1080,118.25748443603516,120.90577697753906,116.65571594238281,53.768802642822266,51.63443374633789,56.25835037231445,119.62704467773438,52.34971618652344,127.00212860107422,126.34590911865234,-2.6482925415039062,-4.25006103515625,0.12085648148148148,663.675048828125,0.07650993441358024,12.587661743164062,0.00030381944444444445,630,1.6929092407226562
/home/jshong/Code/unfied-sr-denoise-platform/results/mc_g105_capture_deploy/day/1x/frame_1402.png,1x,day,1x,1920,1080,118.25845336914062,120.91381072998047,116.63594055175781,53.782188415527344,51.645240783691406,56.275352478027344,119.6300277709961,52.36227035522461,127.00105285644531,126.33323669433594,-2.6553573608398438,-4.277870178222656,0.12108555169753087,663.6410522460938,0.07662615740740741,12.587940216064453,0.00030864197530864197,640,1.6929092407226562
/home/jshong/Code/unfied-sr-denoise-platform/results/mc_g105_capture_deploy/day/1x/frame_1403.png,1x,day,1x,1920,1080,118.2688980102539,120.92376708984375,116.6308822631836,53.781761169433594,51.6475830078125,56.28600311279297,119.63906860351562,52.364776611328125,127.00223541259766,126.32523345947266,-2.6548690795898438,-4.292884826660156,0.12116849922839507,660.8025512695312,0.07653597608024691,12.57699966430664,0.000355420524691358,737,1.6929092407226562
/home/jshong/Code/unfied-sr-denoise-platform/results/mc_g105_capture_deploy/day/1x/frame_1404.png,1x,day,1x,1920,1080,118.27245330810547,120.92813110351562,116.63973236083984,53.786720275878906,51.654449462890625,56.293094635009766,119.64347076416016,52.3705940246582,127.00140380859375,126.32791900634766,-2.6556777954101562,-4.288398742675781,0.12101996527777778,657.9597778320312,0.07659191743827161,12.568276405334473,0.000355420524691358,737,1.6929092407226562
/home/jshong/Code/unfied-sr-denoise-platform/results/mc_g105_capture_deploy/day/1x/frame_1405.png,1x,day,1x,1920,1080,118.27748107910156,120.93157958984375,116.63919067382812,53.799217224121094,51.66753387451172,56.3055419921875,119.64737701416016,52.383995056152344,127.00214385986328,126.3252182006836,-2.6540985107421875,-4.292388916015625,0.12133391203703704,655.7045288085938,0.07656394675925926,12.56931209564209,0.0003641010802469136,755,1.6929092407226562
/home/jshong/Code/unfied-sr-denoise-platform/results/mc_g105_capture_deploy/day/1x/frame_4801.png,1x,day,1x,1920,1080,105.49722290039062,108.49396514892578,105.69107055664062,72.15536499023438,71.19641876220703,72.4092788696289,107.2457504272461,71.55232238769531,126.73097229003906,127.10619354248047,-2.9967422485351562,-2.8028945922851562,0.037844810956790126,109.94659423828125,0.1382344714506173,12.078160285949707,4.436728395061728e-05,92,1.5434248447418213
/home/jshong/Code/unfied-sr-denoise-platform/results/mc_g105_capture_deploy/day/1x/frame_4802.png,1x,day,1x,1920,1080,105.88188934326172,108.87942504882812,106.09252166748047,72.00189971923828,71.03190612792969,72.23599243164062,107.63172912597656,71.3885498046875,126.72770690917969,127.11428833007812,-2.9975357055664062,-2.7869033813476562,0.03850935570987654,106.1839599609375,0.1367062114197531,12.029449462890625,5.642361111111111e-05,117,1.5434248447418213
/home/jshong/Code/unfied-sr-denoise-platform/results/mc_g105_capture_deploy/day/1x/frame_4803.png,1x,day,1x,1920,1080,106.07404327392578,109.05810546875,106.27422332763672,71.9344253540039,70.96500396728516,72.17144775390625,107.81587982177734,71.32109832763672,126.73018646240234,127.11300659179688,-2.9840621948242188,-2.7838821411132812,0.03935378086419753,108.62353515625,0.13611882716049384,11.964176177978516,4.099151234567901e-05,85,1.5434248447418213
/home/jshong/Code/unfied-sr-denoise-platform/results/mc_g105_capture_deploy/day/1x/frame_4804.png,1x,day,1x,1920,1080,106.20817565917969,109.17073822021484,106.42251586914062,71.86809539794922,70.91778564453125,72.10127258300781,107.94020080566406,71.26529693603516,126.73738861083984,127.1259994506836,-2.9625625610351562,-2.7482223510742188,0.0409375,113.93450164794922,0.13582465277777778,11.94676685333252,5.2565586419753085e-05,109,1.5434248447418213
/home/jshong/Code/unfied-sr-denoise-platform/results/mc_g105_capture_deploy/day/1x/frame_4805.png,1x,day,1x,1920,1080,106.23115539550781,109.20206451416016,106.44017028808594,71.89262390136719,70.92530059814453,72.11493682861328,107.96630859375,71.279296875,126.73290252685547,127.12027740478516,-2.9709091186523438,-2.7618942260742188,0.04255545910493827,119.71903991699219,0.13589265046296295,11.936334609985352,4.9189814814814815e-05,102,1.5434248447418213
/home/jshong/Code/unfied-sr-denoise-platform/results/mc_g105_capture_deploy/day/1x/frame_7301.png,1x,day,1x,1920,1080,101.63802337646484,102.53890228271484,100.41368865966797,79.35671997070312,79.56536865234375,80.26991271972656,101.98917388916016,79.57979583740234,127.73229217529297,127.03868865966797,-0.90087890625,-2.125213623046875,0.029111207561728396,82.65373229980469,0.18890769675925925,9.762232780456543,2.7488425925925926e-05,57,0.43142905831336975
/home/jshong/Code/unfied-sr-denoise-platform/results/mc_g105_capture_deploy/day/1x/frame_7302.png,1x,day,1x,1920,1080,101.6188735961914,102.53257751464844,100.38845825195312,79.37068176269531,79.5732650756836,80.28395080566406,101.97621154785156,79.59028625488281,127.72753143310547,127.03218841552734,-0.9137039184570312,-2.1441192626953125,0.028974729938271604,81.13982391357422,0.1890065586419753,9.762216567993164,2.9899691358024692e-05,62,0.43142905831336975
/home/jshong/Code/unfied-sr-denoise-platform/results/mc_g105_capture_deploy/day/1x/frame_7303.png,1x,day,1x,1920,1080,101.63631439208984,102.5426254272461,100.39976501464844,79.37535858154297,79.58135223388672,80.29148864746094,101.9880599975586,79.59757232666016,127.73187255859375,127.03206634521484,-0.90631103515625,-2.1428604125976562,0.02902391975308642,81.23777770996094,0.1890311535493827,9.765642166137695,2.845293209876543e-05,59,0.43142905831336975
/home/jshong/Code/unfied-sr-denoise-platform/results/mc_g105_capture_deploy/day/1x/frame_7304.png,1x,day,1x,1920,1080,101.63977813720703,102.54977416992188,100.40390014648438,79.3882827758789,79.59015655517578,80.3010025024414,101.99298095703125,79.60780334472656,127.73141479492188,127.03140258789062,-0.9099960327148438,-2.1458740234375,0.02892457561728395,81.45296478271484,0.18894145447530863,9.756399154663086,2.4112654320987653e-05,50,0.43142905831336975
/home/jshong/Code/unfied-sr-denoise-platform/results/mc_g105_capture_deploy/day/1x/frame_7305.png,1x,day,1x,1920,1080,101.63731384277344,102.55091857910156,100.3932113647461,79.3971176147461,79.59770202636719,80.31431579589844,101.99183654785156,79.61616516113281,127.73028564453125,127.02706146240234,-0.913604736328125,-2.1577072143554688,0.028951581790123457,81.4191665649414,0.1890089699074074,9.769455909729004,2.7488425925925926e-05,57,0.43142905831336975
/home/jshong/Code/unfied-sr-denoise-platform/results/mc_g105_capture_deploy/day/2x/frame_1501.png,2x,day,2x,1920,1080,113.94181060791016,115.51644897460938,111.06537628173828,54.01179885864258,52.825191497802734,57.1812744140625,114.54682922363281,53.29755401611328,127.56948852539062,126.06082153320312,-1.5746383666992188,-4.451072692871094,0.13001446759259258,1226.1165771484375,0.10813271604938271,11.801115036010742,0.00023051697530864198,478,2.452713966369629
/home/jshong/Code/unfied-sr-denoise-platform/results/mc_g105_capture_deploy/day/2x/frame_1502.png,2x,day,2x,1920,1080,113.95714569091797,115.53218078613281,111.0788803100586,54.000633239746094,52.81222915649414,57.1763916015625,114.56242370605469,53.28600311279297,127.56941223144531,126.05982208251953,-1.5750350952148438,-4.453300476074219,0.12938030478395063,1213.9310302734375,0.10797164351851851,11.791754722595215,0.00024016203703703705,498,2.452713966369629
/home/jshong/Code/unfied-sr-denoise-platform/results/mc_g105_capture_deploy/day/2x/frame_1503.png,2x,day,2x,1920,1080,113.96454620361328,115.54737091064453,111.07361602783203,54.08024597167969,52.90032958984375,57.2507209777832,114.57243347167969,53.37055206298828,127.5675048828125,126.05085754394531,-1.58282470703125,-4.4737548828125,0.13019724151234568,1235.685546875,0.1082933063271605,11.798381805419922,0.00022280092592592593,462,2.452713966369629
/home/jshong/Code/unfied-sr-denoise-platform/results/mc_g105_capture_deploy/day/2x/frame_1504.png,2x,day,2x,1920,1080,114.05709075927734,115.64447021484375,111.16630554199219,54.150245666503906,52.9664306640625,57.32553482055664,114.66763305664062,53.4384651184082,127.56625366210938,126.04984283447266,-1.5873794555664062,-4.4781646728515625,0.13034384645061728,1235.5968017578125,0.10821325231481481,11.808676719665527,0.00021460262345679012,445,2.452713966369629
/home/jshong/Code/unfied-sr-denoise-platform/results/mc_g105_capture_deploy/day/2x/frame_1505.png,2x,day,2x,1920,1080,114.09851837158203,115.68132781982422,111.20608520507812,54.20658493041992,53.023033142089844,57.38804626464844,114.70714569091797,53.49612045288086,127.56749725341797,126.05022430419922,-1.5828094482421875,-4.475242614746094,0.1301519097222222,1220.20068359375,0.10825135030864197,11.799674034118652,0.00018759645061728396,389,2.452713966369629
/home/jshong/Code/unfied-sr-denoise-platform/results/mc_g105_capture_deploy/day/2x/frame_5101.png,2x,day,2x,1920,1080,116.44416046142578,118.72540283203125,116.4241943359375,67.06419372558594,66.75511169433594,68.60881042480469,117.76750946044922,66.94216918945312,127.0799560546875,127.2464828491211,-2.2812423706054688,-2.30120849609375,0.08643277391975308,321.0683288574219,0.09442949459876543,13.330116271972656,0.00021749614197530865,451,1.3915927410125732
/home/jshong/Code/unfied-sr-denoise-platform/results/mc_g105_capture_deploy/day/2x/frame_5102.png,2x,day,2x,1920,1080,116.0002670288086,118.20346069335938,115.85527801513672,66.93286895751953,66.65018463134766,68.44462585449219,117.26270294189453,66.82300567626953,127.12281799316406,127.20973205566406,-2.2031936645507812,-2.3481826782226562,0.08850742669753087,350.04058837890625,0.09507523148148148,13.369813919067383,0.00019000771604938272,394,1.3915927410125732
/home/jshong/Code/unfied-sr-denoise-platform/results/mc_g105_capture_deploy/day/2x/frame_5103.png,2x,day,2x,1920,1080,115.61882019042969,117.80549621582031,115.38423919677734,66.91546630859375,66.62745666503906,68.41699981689453,116.86186981201172,66.80130004882812,127.13817596435547,127.169189453125,-2.186676025390625,-2.4212570190429688,0.09005160108024692,372.6993103027344,0.09588589891975309,13.427360534667969,0.0002044753086419753,424,1.3915927410125732
/home/jshong/Code/unfied-sr-denoise-platform/results/mc_g105_capture_deploy/day/2x/frame_5104.png,2x,day,2x,1920,1080,115.1188735961914,117.29354858398438,114.806640625,66.82550048828125,66.5300521850586,68.29899597167969,116.34456634521484,66.70452117919922,127.14915466308594,127.13485717773438,-2.1746749877929688,-2.486907958984375,0.09119550540123457,389.8757629394531,0.09685570987654321,13.502267837524414,0.00020592206790123456,427,1.3915927410125732
/home/jshong/Code/unfied-sr-denoise-platform/results/mc_g105_capture_deploy/day/2x/frame_5105.png,2x,day,2x,1920,1080,114.7525863647461,116.92831420898438,114.35124206542969,66.79944610595703,66.4961929321289,68.27961730957031,115.96820831298828,66.67436218261719,127.15589141845703,127.08895111083984,-2.1757278442382812,-2.5770721435546875,0.09180362654320988,405.6302185058594,0.09769193672839506,13.560922622680664,0.00021460262345679012,445,1.3915927410125732
/home/jshong/Code/unfied-sr-denoise-platform/results/mc_g105_capture_deploy/day/2x/frame_7501.png,2x,day,2x,1920,1080,103.98760986328125,104.89073944091797,103.05227661132812,78.85001373291016,78.08348083496094,78.49239349365234,104.39729309082031,78.3435287475586,127.69692993164062,127.21900177001953,-0.9031295776367188,-1.8384628295898438,0.04305603780864198,132.07418823242188,0.3199242862654321,12.616192817687988,2.604166666666667e-05,54,0.576168954372406
/home/jshong/Code/unfied-sr-denoise-platform/results/mc_g105_capture_deploy/day/2x/frame_7502.png,2x,day,2x,1920,1080,104.00241088867188,104.89623260498047,103.07185363769531,78.8552474975586,78.08971405029297,78.50178527832031,104.40733337402344,78.35023498535156,127.7005615234375,127.22486114501953,-0.8938217163085938,-1.8243789672851562,0.043153935185185184,133.52000427246094,0.3197858796296296,12.635138511657715,2.7488425925925926e-05,57,0.576168954372406
/home/jshong/Code/unfied-sr-denoise-platform/results/mc_g105_capture_deploy/day/2x/frame_7503.png,2x,day,2x,1920,1080,104.02571868896484,104.92169189453125,103.11688232421875,78.83524322509766,78.07394409179688,78.46505737304688,104.43314361572266,78.33158874511719,127.69742584228516,127.23407745361328,-0.8959732055664062,-1.8048095703125,0.043413869598765434,135.28945922851562,0.31936631944444444,12.652145385742188,1.8807870370370372e-05,39,0.576168954372406
/home/jshong/Code/unfied-sr-denoise-platform/results/mc_g105_capture_deploy/day/2x/frame_7504.png,2x,day,2x,1920,1080,104.0295639038086,104.93132781982422,103.1259765625,78.84141540527344,78.07716369628906,78.45698547363281,104.4406509399414,78.3350830078125,127.69717407226562,127.23506164550781,-0.901763916015625,-1.8053512573242188,0.04318817515432099,136.33152770996094,0.3192698688271605,12.651898384094238,1.6878858024691356e-05,35,0.576168954372406
/home/jshong/Code/unfied-sr-denoise-platform/results/mc_g105_capture_deploy/day/2x/frame_7505.png,2x,day,2x,1920,1080,103.96429443359375,104.88172912597656,103.01457977294922,78.8729476928711,78.0938491821289,78.51819610595703,104.38106536865234,78.35781860351562,127.69600677490234,127.20977783203125,-0.9174346923828125,-1.8671493530273438,0.04323543595679012,136.84703063964844,0.3197622492283951,12.619702339172363,1.736111111111111e-05,36,0.576168954372406
/home/jshong/Code/unfied-sr-denoise-platform/results/mc_g105_capture_deploy/day/3x/frame_1801.png,3x,day,3x,1920,1080,115.06639099121094,115.89812469482422,113.4885025024414,46.50651168823242,45.69827651977539,48.786094665527344,115.38707733154297,46.05023193359375,127.78555297851562,126.95738983154297,-0.8317337036132812,-2.4096221923828125,0.08533854166666667,491.5337829589844,0.06731385030864198,12.796414375305176,0.0001552854938271605,322,3.729045867919922
/home/jshong/Code/unfied-sr-denoise-platform/results/mc_g105_capture_deploy/day/3x/frame_1802.png,3x,day,3x,1920,1080,114.99163055419922,115.82487487792969,113.39318084716797,46.471160888671875,45.663597106933594,48.753318786621094,115.31076049804688,46.01597213745117,127.7864761352539,126.94631958007812,-0.8332443237304688,-2.4316940307617188,0.08518711419753086,486.40185546875,0.0675366512345679,12.809203147888184,0.00013551311728395062,281,3.729045867919922
/home/jshong/Code/unfied-sr-denoise-platform/results/mc_g105_capture_deploy/day/3x/frame_1803.png,3x,day,3x,1920,1080,115.0385513305664,115.87480163574219,113.43025207519531,46.39979934692383,45.5807991027832,48.70209503173828,115.35799407958984,45.93971252441406,127.78633880615234,126.94083404541016,-0.8362503051757812,-2.444549560546875,0.08541956018518519,492.3822021484375,0.06731626157407407,12.708744049072266,0.0001461226851851852,303,3.729045867919922
/home/jshong/Code/unfied-sr-denoise-platform/results/mc_g105_capture_deploy/day/3x/frame_1804.png,3x,day,3x,1920,1080,115.10548400878906,115.94192504882812,113.50047302246094,46.372535705566406,45.545780181884766,48.68827819824219,115.42509460449219,45.909149169921875,127.78617858886719,126.94271850585938,-0.8364410400390625,-2.4414520263671875,0.08538097993827161,495.7874755859375,0.06741174768518518,12.619709968566895,0.00016589506172839507,344,3.729045867919922
/home/jshong/Code/unfied-sr-denoise-platform/results/mc_g105_capture_deploy/day/3x/frame_1805.png,3x,day,3x,1920,1080,115.21234893798828,116.05408477783203,113.60633850097656,46.305641174316406,45.46995162963867,48.62949752807617,115.53456115722656,45.837738037109375,127.78410339355469,126.94002532958984,-0.84173583984375,-2.4477462768554688,0.08573832947530864,500.21685791015625,0.06720196759259259,12.504840850830078,0.00017457561728395063,362,3.729045867919922
/home/jshong/Code/unfied-sr-denoise-platform/results/mc_g105_capture_deploy/day/3x/frame_5401.png,3x,day,3x,1920,1080,119.92474365234375,121.5797348022461,120.0633316040039,54.12055587768555,52.68922424316406,53.03562927246094,120.90777587890625,53.01702880859375,127.28901672363281,127.53584289550781,-1.6549911499023438,-1.5164031982421875,0.10975453317901235,432.9444580078125,0.029581886574074075,9.8375883102417,0.00016493055555555556,342,0.9677495956420898
/home/jshong/Code/unfied-sr-denoise-platform/results/mc_g105_capture_deploy/day/3x/frame_5402.png,3x,day,3x,1920,1080,119.73411560058594,121.4013900756836,119.84175109863281,54.13008499145508,52.68932342529297,53.07832717895508,120.72193145751953,53.02315902709961,127.28589630126953,127.5162124633789,-1.6672744750976562,-1.5596389770507812,0.10928144290123457,426.7314758300781,0.029927179783950618,9.863920211791992,0.0001818094135802469,377,0.9677495956420898
/home/jshong/Code/unfied-sr-denoise-platform/results/mc_g105_capture_deploy/day/3x/frame_5403.png,3x,day,3x,1920,1080,119.65630340576172,121.31269836425781,119.76040649414062,54.07941818237305,52.64696502685547,53.026161193847656,120.63627624511719,52.97785568237305,127.290771484375,127.51856231689453,-1.6563949584960938,-1.5522918701171875,0.10903694058641976,424.1327209472656,0.02974826388888889,9.816057205200195,0.00018325617283950618,380,0.9677495956420898
/home/jshong/Code/unfied-sr-denoise-platform/results/mc_g105_capture_deploy/day/3x/frame_5404.png,3x,day,3x,1920,1080,119.51222229003906,121.18040466308594,119.62806701660156,54.10289764404297,52.673667907714844,53.05170440673828,120.50052642822266,53.00282287597656,127.28486633300781,127.52012634277344,-1.668182373046875,-1.552337646484375,0.10995611496913581,440.3467712402344,0.029849537037037036,9.820487976074219,0.00016203703703703703,336,0.9677495956420898
/home/jshong/Code/unfied-sr-denoise-platform/results/mc_g105_capture_deploy/day/3x/frame_5405.png,3x,day,3x,1920,1080,119.50249481201172,121.16092681884766,119.63301086425781,54.09175109863281,52.67292404174805,53.03083801269531,120.48643493652344,52.997589111328125,127.28752136230469,127.5312271118164,-1.6584320068359375,-1.5279159545898438,0.11075376157407407,449.6658020019531,0.029717881944444444,9.800796508789062,0.00017746913580246913,368,0.9677495956420898
/home/jshong/Code/unfied-sr-denoise-platform/results/mc_g105_capture_deploy/day/3x/frame_7701.png,3x,day,3x,1920,1080,112.56071472167969,114.54727935791016,113.39842224121094,67.83943176269531,66.53687286376953,65.70452117919922,113.80024719238281,66.82060241699219,127.09671020507812,127.77078247070312,-1.9865646362304688,-1.1488571166992188,0.03197771990740741,63.974266052246094,0.1535841049382716,12.49453067779541,0.0,0,0.5099344849586487
/home/jshong/Code/unfied-sr-denoise-platform/results/mc_g105_capture_deploy/day/3x/frame_7702.png,3x,day,3x,1920,1080,112.42835235595703,114.42633056640625,113.26847076416016,67.8157730102539,66.5090560913086,65.68412780761719,113.6759262084961,66.79487609863281,127.09051513671875,127.76710510253906,-1.9979782104492188,-1.1578598022460938,0.03172453703703704,64.04315948486328,0.1538035300925926,12.44841480255127,0.0,0,0.5099344849586487
/home/jshong/Code/unfied-sr-denoise-platform/results/mc_g105_capture_deploy/day/3x/frame_7703.png,3x,day,3x,1920,1080,112.39768981933594,114.38518524169922,113.2573013305664,67.73710632324219,66.432861328125,65.59723663330078,113.64060974121094,66.71642303466797,127.09302520751953,127.78053283691406,-1.9874954223632812,-1.1278839111328125,0.03187162422839506,64.42578887939453,0.15360243055555556,12.467480659484863,0.0,0,0.5099344849586487
/home/jshong/Code/unfied-sr-denoise-platform/results/mc_g105_capture_deploy/day/3x/frame_7704.png,3x,day,3x,1920,1080,112.29181671142578,114.29633331298828,113.13015747070312,67.75084686279297,66.4437026977539,65.61746978759766,113.54289245605469,66.72887420654297,127.08731842041016,127.76472473144531,-2.0045166015625,-1.1661758422851562,0.03152199074074074,63.740116119384766,0.15387538580246912,12.396780014038086,0.0,0,0.5099344849586487
/home/jshong/Code/unfied-sr-denoise-platform/results/mc_g105_capture_deploy/day/3x/frame_7705.png,3x,day,3x,1920,1080,112.2906723022461,114.30004119873047,113.12714385986328,67.7040786743164,66.39583587646484,65.55504608154297,113.54464721679688,66.67942810058594,127.08601379394531,127.76216125488281,-2.009368896484375,-1.1728973388671875,0.03160300925925926,63.984928131103516,0.15365547839506172,12.43602180480957,0.0,0,0.5099344849586487
/home/jshong/Code/unfied-sr-denoise-platform/results/mc_g105_capture_deploy/day/4x/frame_2201.png,4x,day,4x,1920,1080,122.06959533691406,123.18006134033203,121.07233428955078,41.008331298828125,40.07601547241211,42.7585563659668,122.6205062866211,40.31937789916992,127.61995697021484,127.17057037353516,-1.1104660034179688,-2.10772705078125,0.07190297067901234,463.3511962890625,0.03255015432098765,14.40634822845459,0.00029128086419753085,604,3.7688190937042236
/home/jshong/Code/unfied-sr-denoise-platform/results/mc_g105_capture_deploy/day/4x/frame_2202.png,4x,day,4x,1920,1080,122.56217193603516,123.65282440185547,121.48314666748047,40.56827163696289,39.63970947265625,42.42914581298828,123.09234619140625,39.89767074584961,127.63490295410156,127.13612365722656,-1.0906524658203125,-2.169677734375,0.07237509645061728,457.43914794921875,0.03052806712962963,14.169076919555664,0.00028404706790123455,589,3.7688190937042236
/home/jshong/Code/unfied-sr-denoise-platform/results/mc_g105_capture_deploy/day/4x/frame_2203.png,4x,day,4x,1920,1080,122.98978424072266,124.07186126708984,121.86491394042969,40.22469711303711,39.30632781982422,42.1690559387207,123.50950622558594,39.5714111328125,127.64161682128906,127.1158676147461,-1.0820770263671875,-2.2069473266601562,0.07304253472222222,460.8626403808594,0.028994984567901234,13.927590370178223,0.0002806712962962963,582,3.7688190937042236
/home/jshong/Code/unfied-sr-denoise-platform/results/mc_g105_capture_deploy/day/4x/frame_2204.png,4x,day,4x,1920,1080,123.38520812988281,124.46326446533203,122.21393585205078,39.96384048461914,39.044898986816406,41.97844314575195,123.89793395996094,39.3206672668457,127.64664459228516,127.09370422363281,-1.0780563354492188,-2.24932861328125,0.07339699074074074,458.33367919921875,0.02791377314814815,13.559078216552734,0.00030623070987654324,635,3.7688190937042236
/home/jshong/Code/unfied-sr-denoise-platform/results/mc_g105_capture_deploy/day/4x/frame_2205.png,4x,day,4x,1920,1080,123.53975677490234,124.63793182373047,122.30181884765625,39.68263244628906,38.76465606689453,41.74311447143555,124.05635833740234,39.048011779785156,127.64349365234375,127.05362701416016,-1.098175048828125,-2.3361129760742188,0.07385271990740741,461.2379455566406,0.026883680555555556,13.503592491149902,0.00029562114197530866,613,3.7688190937042236
/home/jshong/Code/unfied-sr-denoise-platform/results/mc_g105_capture_deploy/day/4x/frame_5701.png,4x,day,4x,1920,1080,112.34297180175781,113.36335754394531,112.4102783203125,57.560855865478516,56.650962829589844,56.859336853027344,112.95503234863281,56.74066925048828,127.5621109008789,127.70634460449219,-1.0203857421875,-0.9530792236328125,0.11656346450617285,600.010986328125,0.11731288580246914,11.589517593383789,0.00019772376543209877,410,1.788130521774292
/home/jshong/Code/unfied-sr-denoise-platform/results/mc_g105_capture_deploy/day/4x/frame_5702.png,4x,day,4x,1920,1080,112.21251678466797,113.22532653808594,112.2905044555664,57.5806770324707,56.682212829589844,56.880836486816406,112.82007598876953,56.767486572265625,127.56558227539062,127.715087890625,-1.0128097534179688,-0.9348220825195312,0.11668306327160494,600.2760620117188,0.1179272762345679,11.574774742126465,0.00019097222222222223,396,1.788130521774292
/home/jshong/Code/unfied-sr-denoise-platform/results/mc_g105_capture_deploy/day/4x/frame_5703.png,4x,day,4x,1920,1080,112.02786254882812,113.04315185546875,112.1012954711914,57.660160064697266,56.76559829711914,56.97334671020508,112.6377182006836,56.85041046142578,127.56405639648438,127.71131896972656,-1.015289306640625,-0.9418563842773438,0.11717785493827161,619.4840698242188,0.11975356867283951,11.553729057312012,0.00020592206790123456,427,1.788130521774292
/home/jshong/Code/unfied-sr-denoise-platform/results/mc_g105_capture_deploy/day/4x/frame_5704.png,4x,day,4x,1920,1080,111.94731140136719,112.96251678466797,112.01790618896484,57.69845199584961,56.806827545166016,57.02029800415039,112.55667114257812,56.891334533691406,127.56474304199219,127.71051025390625,-1.0152053833007812,-0.944610595703125,0.11723234953703704,621.3053588867188,0.12081066743827161,11.526354789733887,0.0002097800925925926,435,1.788130521774292
/home/jshong/Code/unfied-sr-denoise-platform/results/mc_g105_capture_deploy/day/4x/frame_5705.png,4x,day,4x,1920,1080,111.87115478515625,112.8927001953125,111.92313385009766,57.72418975830078,56.82516860961914,57.04755401611328,112.48262023925781,56.912174224853516,127.56237030029297,127.69841766357422,-1.02154541015625,-0.9695663452148438,0.11676601080246914,614.5318603515625,0.12150945216049383,11.540152549743652,0.00018566743827160494,385,1.788130521774292
/home/jshong/Code/unfied-sr-denoise-platform/results/mc_g105_capture_deploy/day/4x/frame_7901.png,4x,day,4x,1920,1080,114.75946807861328,117.3631591796875,116.60802459716797,61.43431854248047,58.42104721069336,57.143978118896484,116.48676300048828,59.126495361328125,126.71761322021484,128.04933166503906,-2.6036911010742188,-0.7551345825195312,0.030765817901234567,69.94751739501953,0.14770351080246913,13.75131893157959,5.787037037037037e-06,12,0.593489944934845
/home/jshong/Code/unfied-sr-denoise-platform/results/mc_g105_capture_deploy/day/4x/frame_7902.png,4x,day,4x,1920,1080,114.46549987792969,117.07695007324219,116.30592346191406,61.604793548583984,58.579471588134766,57.31572723388672,116.19635772705078,59.290321350097656,126.71582794189453,128.0431365966797,-2.6114501953125,-0.771026611328125,0.030922550154320987,69.90303039550781,0.14960262345679012,13.646488189697266,5.787037037037037e-06,12,0.593489944934845
/home/jshong/Code/unfied-sr-denoise-platform/results/mc_g105_capture_deploy/day/4x/frame_7903.png,4x,day,4x,1920,1080,114.36856079101562,116.9771728515625,116.207763671875,61.63170623779297,58.60209655761719,57.34061050415039,116.09730529785156,59.313873291015625,126.71741485595703,128.0422821044922,-2.608612060546875,-0.7694091796875,0.030525655864197532,69.57592010498047,0.1499435763888889,13.635594367980957,3.858024691358025e-06,8,0.593489944934845
/home/jshong/Code/unfied-sr-denoise-platform/results/mc_g105_capture_deploy/day/4x/frame_7904.png,4x,day,4x,1920,1080,114.29319763183594,116.90555572509766,116.16219329833984,61.6551628112793,58.61408996582031,57.356197357177734,116.0263900756836,59.329078674316406,126.71461486816406,128.05812072753906,-2.6123580932617188,-0.7433624267578125,0.03032937885802469,67.22309112548828,0.15026716820987654,13.62586498260498,2.8935185185185184e-06,6,0.593489944934845
/home/jshong/Code/unfied-sr-denoise-platform/results/mc_g105_capture_deploy/day/4x/frame_7905.png,4x,day,4x,1920,1080,114.24418640136719,116.84891510009766,116.12052917480469,61.66954040527344,58.637237548828125,57.40030288696289,115.97349548339844,59.351104736328125,126.71795654296875,128.06390380859375,-2.6047286987304688,-0.7283859252929688,0.030579185956790125,67.77752685546875,0.15055507330246914,13.605923652648926,2.8935185185185184e-06,6,0.593489944934845
/home/jshong/Code/unfied-sr-denoise-platform/results/mc_g105_capture_deploy/day/5x/frame_2601.png,5x,day,5x,1920,1080,115.63795471191406,117.38921356201172,114.3394775390625,47.158294677734375,46.346195220947266,48.527740478515625,116.53162384033203,46.33757781982422,127.36766052246094,126.7932357788086,-1.7512588500976562,-3.0497360229492188,0.07117380401234567,407.96771240234375,0.058333333333333334,14.218193054199219,0.0001644483024691358,341,8.184255599975586
/home/jshong/Code/unfied-sr-denoise-platform/results/mc_g105_capture_deploy/day/5x/frame_2602.png,5x,day,5x,1920,1080,115.52625274658203,117.2616958618164,114.29525756835938,46.873802185058594,46.050994873046875,48.17958450317383,116.41899871826172,46.03340148925781,127.36751556396484,126.83063507080078,-1.735443115234375,-2.9664382934570312,0.07092062114197531,407.9668273925781,0.05740354938271605,14.257171630859375,0.00016975308641975308,352,8.184255599975586
/home/jshong/Code/unfied-sr-denoise-platform/results/mc_g105_capture_deploy/day/5x/frame_2603.png,5x,day,5x,1920,1080,115.43206787109375,117.11503601074219,114.26899719238281,46.38228988647461,45.562801361083984,47.60620880126953,116.30227661132812,45.5342903137207,127.38240814208984,126.88141632080078,-1.6829681396484375,-2.846038818359375,0.07015721450617284,405.2036437988281,0.05591917438271605,14.385019302368164,0.0001808449074074074,375,8.184255599975586
/home/jshong/Code/unfied-sr-denoise-platform/results/mc_g105_capture_deploy/day/5x/frame_2604.png,5x,day,5x,1920,1080,115.53264617919922,117.17202758789062,114.4028549194336,45.610836029052734,44.78996276855469,46.826045989990234,116.38129425048828,44.749515533447266,127.39814758300781,126.91170501708984,-1.6393814086914062,-2.7691726684570312,0.06937210648148148,398.8802795410156,0.05366030092592593,14.450912475585938,0.00017119984567901236,355,8.184255599975586
/home/jshong/Code/unfied-sr-denoise-platform/results/mc_g105_capture_deploy/day/5x/frame_2605.png,5x,day,5x,1920,1080,116.04842376708984,117.6787338256836,114.97596740722656,45.046695709228516,44.19526290893555,46.31728744506836,116.89805603027344,44.162635803222656,127.39898681640625,126.94314575195312,-1.63031005859375,-2.7027664184570312,0.06805362654320987,387.0400390625,0.050472608024691355,14.481063842773438,0.0001716820987654321,356,8.184255599975586
/home/jshong/Code/unfied-sr-denoise-platform/results/mc_g105_capture_deploy/day/5x/frame_6101.png,5x,day,5x,1920,1080,111.36006164550781,113.0960464477539,112.66435241699219,56.461212158203125,54.418190002441406,54.24298095703125,112.52345275878906,54.72282409667969,127.14974212646484,128.10093688964844,-1.7359848022460938,-0.43169403076171875,0.12667631172839505,855.89111328125,0.1031712962962963,9.09756851196289,0.00031153549382716047,646,2.8658859729766846
/home/jshong/Code/unfied-sr-denoise-platform/results/mc_g105_capture_deploy/day/5x/frame_6102.png,5x,day,5x,1920,1080,111.40084075927734,113.1407241821289,112.72244262695312,56.36528015136719,54.30796432495117,54.130279541015625,112.56845092773438,54.61631774902344,127.14698028564453,128.1089324951172,-1.7398834228515625,-0.41828155517578125,0.12437837577160493,806.27734375,0.10263888888888889,9.107575416564941,0.00028935185185185184,600,2.8658859729766846
/home/jshong/Code/unfied-sr-denoise-platform/results/mc_g105_capture_deploy/day/5x/frame_6103.png,5x,day,5x,1920,1080,111.36994171142578,113.12923431396484,112.70240783691406,56.38393020629883,54.31864547729492,54.143741607666016,112.5505142211914,54.63018798828125,127.13836669921875,128.1076202392578,-1.7592926025390625,-0.42682647705078125,0.12479166666666666,813.4882202148438,0.1027565586419753,9.09380054473877,0.00030140817901234566,625,2.8658859729766846
/home/jshong/Code/unfied-sr-denoise-platform/results/mc_g105_capture_deploy/day/5x/frame_6104.png,5x,day,5x,1920,1080,111.29930877685547,113.05464172363281,112.63369750976562,56.382171630859375,54.315818786621094,54.14751434326172,112.47766876220703,54.628395080566406,127.139404296875,128.10971069335938,-1.7553329467773438,-0.4209442138671875,0.12432918595679013,789.5960083007812,0.10308931327160493,9.087395668029785,0.00033661265432098766,698,2.8658859729766846
/home/jshong/Code/unfied-sr-denoise-platform/results/mc_g105_capture_deploy/day/5x/frame_6105.png,5x,day,5x,1920,1080,111.3333511352539,113.08658599853516,112.66913604736328,56.383113861083984,54.3189582824707,54.15699768066406,112.5107650756836,54.63169860839844,127.13990020751953,128.11109924316406,-1.75323486328125,-0.417449951171875,0.12499710648148148,795.48193359375,0.1032764274691358,9.045961380004883,0.0003004436728395062,623,2.8658859729766846
/home/jshong/Code/unfied-sr-denoise-platform/results/mc_g105_capture_deploy/day/5x/frame_8101.png,5x,day,5x,1920,1080,113.6418685913086,117.53619384765625,117.2423324584961,60.22550964355469,56.55642318725586,55.206031799316406,116.3273696899414,57.40760803222656,126.04510498046875,128.5143280029297,-3.8943252563476562,-0.29386138916015625,0.023190104166666666,53.637115478515625,0.11955873842592593,9.067709922790527,0.0,0,0.6661434173583984
/home/jshong/Code/unfied-sr-denoise-platform/results/mc_g105_capture_deploy/day/5x/frame_8102.png,5x,day,5x,1920,1080,113.63053131103516,117.55668640136719,117.23553466796875,60.21772003173828,56.53234100341797,55.1983757019043,116.33460235595703,57.3896484375,126.03166961669922,128.50607299804688,-3.9261550903320312,-0.3211517333984375,0.02330584490740741,52.26922607421875,0.11958815586419753,9.093040466308594,0.0,0,0.6661434173583984
/home/jshong/Code/unfied-sr-denoise-platform/results/mc_g105_capture_deploy/day/5x/frame_8103.png,5x,day,5x,1920,1080,113.6373291015625,117.57408142089844,117.24481964111328,60.223812103271484,56.54444885253906,55.20388412475586,116.34844970703125,57.39986801147461,126.02693939208984,128.50405883789062,-3.9367523193359375,-0.32926177978515625,0.023179012345679012,52.097415924072266,0.11954909336419753,9.08544635772705,0.0,0,0.6661434173583984
/home/jshong/Code/unfied-sr-denoise-platform/results/mc_g105_capture_deploy/day/5x/frame_8104.png,5x,day,5x,1920,1080,113.63672637939453,117.59308624267578,117.25753021240234,60.22138977050781,56.53221893310547,55.19729232788086,116.36173248291016,57.39180374145508,126.01660919189453,128.50392150878906,-3.95635986328125,-0.3355560302734375,0.02306182484567901,52.00655746459961,0.11966338734567901,9.061407089233398,0.0,0,0.6661434173583984
/home/jshong/Code/unfied-sr-denoise-platform/results/mc_g105_capture_deploy/day/5x/frame_8105.png,5x,day,5x,1920,1080,113.72711944580078,117.67327880859375,117.35423278808594,60.15907669067383,56.47553253173828,55.127811431884766,116.4462890625,57.332271575927734,126.02017211914062,128.51039123535156,-3.9461593627929688,-0.3190460205078125,0.023013599537037036,51.317298889160156,0.11934654706790124,9.025537490844727,4.822530864197531e-07,1,0.6661434173583984
/home/jshong/Code/unfied-sr-denoise-platform/results/mc_g105_capture_deploy/day/6x/frame_2901.png,6x,day,6x,1920,1080,118.16421508789062,118.67481231689453,116.56122589111328,48.603843688964844,48.44263458251953,50.73121643066406,118.29324340820312,48.25009536743164,127.89250946044922,127.05474090576172,-0.5105972290039062,-2.11358642578125,0.053369984567901235,148.74774169921875,0.05135657793209877,13.914841651916504,0.0,0,8.886245727539062
/home/jshong/Code/unfied-sr-denoise-platform/results/mc_g105_capture_deploy/day/6x/frame_2902.png,6x,day,6x,1920,1080,117.3431625366211,117.84236907958984,115.6198501586914,47.81013107299805,47.67070388793945,50.00865173339844,117.45171356201172,47.47127151489258,127.90812683105469,126.9974136352539,-0.49920654296875,-2.2225189208984375,0.046375868055555554,117.36288452148438,0.0502782600308642,14.061877250671387,0.0,0,8.886245727539062
/home/jshong/Code/unfied-sr-denoise-platform/results/mc_g105_capture_deploy/day/6x/frame_2903.png,6x,day,6x,1920,1080,116.72359466552734,117.1617660522461,114.9934310913086,46.938846588134766,46.805389404296875,49.046546936035156,116.79571533203125,46.58908462524414,127.93346405029297,127.01264190673828,-0.43817138671875,-2.1683349609375,0.04183545524691358,96.9146957397461,0.04794656635802469,14.147760391235352,0.0,0,8.886245727539062
/home/jshong/Code/unfied-sr-denoise-platform/results/mc_g105_capture_deploy/day/6x/frame_2904.png,6x,day,6x,1920,1080,116.83120727539062,117.22360229492188,115.19474029541016,46.14890670776367,46.020652770996094,48.173614501953125,116.887939453125,45.79439926147461,127.9456787109375,127.07294464111328,-0.39239501953125,-2.0288619995117188,0.036516685956790126,75.51861572265625,0.04407552083333333,14.229913711547852,0.0,0,8.886245727539062
/home/jshong/Code/unfied-sr-denoise-platform/results/mc_g105_capture_deploy/day/6x/frame_2905.png,6x,day,6x,1920,1080,117.07828521728516,117.41181945800781,115.6399154663086,45.904048919677734,45.773929595947266,47.78736114501953,117.12216186523438,45.544429779052734,127.95510864257812,127.19158935546875,-0.33353424072265625,-1.7719039916992188,0.03297935956790123,64.54657745361328,0.041526813271604936,14.176057815551758,0.0,0,8.886245727539062
/home/jshong/Code/unfied-sr-denoise-platform/results/mc_g105_capture_deploy/day/6x/frame_6401.png,6x,day,6x,1920,1080,110.6966781616211,113.078125,111.82974243164062,60.09048843383789,57.251251220703125,57.501583099365234,112.21158599853516,57.76067352294922,126.89066314697266,127.81871795654297,-2.3814468383789062,-1.248382568359375,0.12020206404320988,752.6229858398438,0.12117091049382717,9.638412475585938,0.0003843557098765432,797,4.198575973510742
/home/jshong/Code/unfied-sr-denoise-platform/results/mc_g105_capture_deploy/day/6x/frame_6402.png,6x,day,6x,1920,1080,110.73515319824219,113.09913635253906,111.8680648803711,60.05683898925781,57.224510192871094,57.463775634765625,112.23983001708984,57.72986602783203,126.89867401123047,127.82559204101562,-2.363983154296875,-1.2310714721679688,0.11966676311728396,739.5006713867188,0.12077112268518518,9.623419761657715,0.00037278163580246914,773,4.198575973510742
/home/jshong/Code/unfied-sr-denoise-platform/results/mc_g105_capture_deploy/day/6x/frame_6403.png,6x,day,6x,1920,1080,110.79899597167969,113.13846588134766,111.94219207763672,59.95823669433594,57.126060485839844,57.35187530517578,112.29008483886719,57.62841796875,126.90760803222656,127.83875274658203,-2.3394699096679688,-1.1962738037109375,0.11745756172839507,705.044921875,0.11987364969135803,9.598243713378906,0.00034481095679012345,715,4.198575973510742
/home/jshong/Code/unfied-sr-denoise-platform/results/mc_g105_capture_deploy/day/6x/frame_6404.png,6x,day,6x,1920,1080,110.83995056152344,113.16858673095703,112.00048828125,60.00398635864258,57.17311096191406,57.39366149902344,112.32630157470703,57.673988342285156,126.91082763671875,127.85114288330078,-2.3286361694335938,-1.1680984497070312,0.11901572145061728,728.3070068359375,0.11983362268518519,9.597376823425293,0.0003423996913580247,710,4.198575973510742
/home/jshong/Code/unfied-sr-denoise-platform/results/mc_g105_capture_deploy/day/6x/frame_6405.png,6x,day,6x,1920,1080,110.74077606201172,113.06543731689453,111.91171264648438,59.95594787597656,57.116661071777344,57.35071563720703,112.22537231445312,57.62144088745117,126.91175842285156,127.85843658447266,-2.3246612548828125,-1.1537246704101562,0.11604359567901235,683.0626220703125,0.12030237268518519,9.612284660339355,0.0003380594135802469,701,4.198575973510742
/home/jshong/Code/unfied-sr-denoise-platform/results/mc_g105_capture_deploy/day/6x/frame_8201.png,6x,day,6x,1920,1080,116.40628814697266,122.46951293945312,122.69517517089844,56.320350646972656,51.08876419067383,49.23957824707031,120.66175079345703,52.31294250488281,124.9376449584961,129.1611785888672,-6.063224792480469,0.2256622314453125,0.009874131944444444,32.443687438964844,0.07208912037037037,10.680876731872559,2.8935185185185184e-06,6,0.7473646402359009
/home/jshong/Code/unfied-sr-denoise-platform/results/mc_g105_capture_deploy/day/6x/frame_8202.png,6x,day,6x,1920,1080,115.98126220703125,122.07061767578125,122.28498077392578,56.713443756103516,51.47886276245117,49.641788482666016,120.25193786621094,52.70350646972656,124.92420959472656,129.1602783203125,-6.08935546875,0.21436309814453125,0.00986255787037037,32.00623321533203,0.07208092206790123,10.686631202697754,9.645061728395062e-07,2,0.7473646402359009
/home/jshong/Code/unfied-sr-denoise-platform/results/mc_g105_capture_deploy/day/6x/frame_8203.png,6x,day,6x,1920,1080,115.65486907958984,121.78893280029297,122.04057312011719,56.994956970214844,51.744991302490234,49.8819694519043,119.9601821899414,52.97484588623047,124.90152740478516,129.18460083007812,-6.134063720703125,0.25164031982421875,0.009854359567901235,31.78505516052246,0.07207802854938272,10.630555152893066,9.645061728395062e-07,2,0.7473646402359009
/home/jshong/Code/unfied-sr-denoise-platform/results/mc_g105_capture_deploy/day/6x/frame_8204.png,6x,day,6x,1920,1080,115.50389099121094,121.64049530029297,121.955322265625,57.0855598449707,51.83197021484375,49.92349624633789,119.81990051269531,53.058372497558594,124.89627838134766,129.21527099609375,-6.136604309082031,0.31482696533203125,0.00980420524691358,31.938278198242188,0.0721556712962963,10.570660591125488,1.9290123456790124e-06,4,0.7473646402359009
/home/jshong/Code/unfied-sr-denoise-platform/results/mc_g105_capture_deploy/day/6x/frame_8205.png,6x,day,6x,1920,1080,115.34309387207031,121.49381256103516,121.82479095458984,57.188838958740234,51.9211311340332,49.99620056152344,119.67061614990234,53.15068817138672,124.88650512695312,129.22381591796875,-6.150718688964844,0.3309783935546875,0.00970679012345679,31.73455810546875,0.0719704861111111,10.548505783081055,3.858024691358025e-06,8,0.7473646402359009
/home/jshong/Code/unfied-sr-denoise-platform/results/mc_g105_capture_deploy/day/7x/frame_3301.png,7x,day,7x,1920,1080,115.83091735839844,116.41893768310547,114.48748779296875,50.489070892333984,50.98771667480469,52.33439636230469,116.02681732177734,50.36159133911133,127.8445053100586,127.15058898925781,-0.5880203247070312,-1.9314498901367188,0.16429398148148147,853.7456665039062,0.07599151234567901,13.783319473266602,3.520447530864198e-05,73,14.302298545837402
/home/jshong/Code/unfied-sr-denoise-platform/results/mc_g105_capture_deploy/day/7x/frame_3302.png,7x,day,7x,1920,1080,116.53714752197266,117.05429077148438,115.30906677246094,49.69652557373047,50.166900634765625,51.58904266357422,116.70563507080078,49.551719665527344,127.86335754394531,127.23031616210938,-0.5171432495117188,-1.7452239990234375,0.16627797067901234,880.7222900390625,0.06909529320987655,13.840812683105469,4.3885030864197534e-05,91,14.302298545837402
/home/jshong/Code/unfied-sr-denoise-platform/results/mc_g105_capture_deploy/day/7x/frame_3303.png,7x,day,7x,1920,1080,116.66871643066406,117.16447448730469,115.4552993774414,49.35965347290039,49.7335090637207,51.2569580078125,116.82572937011719,49.165653228759766,127.87161254882812,127.24469757080078,-0.495758056640625,-1.7091751098632812,0.1635816936728395,854.4583740234375,0.06764033564814814,13.82686996459961,3.0381944444444444e-05,63,14.302298545837402
/home/jshong/Code/unfied-sr-denoise-platform/results/mc_g105_capture_deploy/day/7x/frame_3304.png,7x,day,7x,1920,1080,117.01431274414062,117.47010803222656,115.80082702636719,48.32406234741211,48.59302520751953,50.37347412109375,117.14888763427734,48.08083724975586,127.8873519897461,127.2589340209961,-0.4557952880859375,-1.669281005859375,0.1487451774691358,675.6663208007812,0.063804012345679,13.843243598937988,9.403935185185185e-05,195,14.302298545837402
/home/jshong/Code/unfied-sr-denoise-platform/results/mc_g105_capture_deploy/day/7x/frame_3305.png,7x,day,7x,1920,1080,117.50696563720703,117.92672729492188,116.29912567138672,48.006866455078125,48.20604705810547,50.11325454711914,117.6209945678711,47.72703170776367,127.9008560180664,127.27481079101562,-0.41976165771484375,-1.6276016235351562,0.1479952739197531,656.3151245117188,0.06162760416666667,13.737726211547852,8.487654320987654e-05,176,14.302298545837402
/home/jshong/Code/unfied-sr-denoise-platform/results/mc_g105_capture_deploy/day/7x/frame_8401.png,7x,day,7x,1920,1080,110.58455657958984,121.836669921875,124.32257843017578,61.987571716308594,52.002967834472656,46.8525505065918,118.75926208496094,54.353824615478516,122.13480377197266,131.1519317626953,-11.252113342285156,2.4859085083007812,0.0013705632716049382,14.405252456665039,0.002297453703703704,2.2862720489501953,3.858024691358025e-06,8,0.9022639393806458
/home/jshong/Code/unfied-sr-denoise-platform/results/mc_g105_capture_deploy/day/7x/frame_8402.png,7x,day,7x,1920,1080,110.47211456298828,121.77076721191406,124.34815979003906,62.6749382019043,52.66568374633789,47.38301086425781,118.69097137451172,55.007408142089844,122.10899353027344,131.2081298828125,-11.298652648925781,2.577392578125,0.0013729745370370371,17.564353942871094,0.0023283179012345678,2.434569835662842,2.8935185185185184e-06,6,0.9022639393806458
/home/jshong/Code/unfied-sr-denoise-platform/results/mc_g105_capture_deploy/day/7x/frame_8403.png,7x,day,7x,1920,1080,110.27439880371094,121.6688461303711,124.30838012695312,63.16984558105469,53.105228424072266,47.74546813964844,118.56661987304688,55.45372772216797,122.05679321289062,131.25619506835938,-11.394447326660156,2.6395339965820312,0.0014057677469135803,18.065837860107422,0.002320601851851852,2.4995596408843994,3.375771604938272e-06,7,0.9022639393806458
/home/jshong/Code/unfied-sr-denoise-platform/results/mc_g105_capture_deploy/day/7x/frame_8404.png,7x,day,7x,1920,1080,110.32282257080078,121.70039367675781,124.45759582519531,63.34296417236328,53.27033615112305,47.80875778198242,118.61563110351562,55.60833740234375,122.05658721923828,131.31251525878906,-11.377571105957031,2.7572021484375,0.001361400462962963,17.13861083984375,0.002322048611111111,2.3462131023406982,3.375771604938272e-06,7,0.9022639393806458
/home/jshong/Code/unfied-sr-denoise-platform/results/mc_g105_capture_deploy/day/7x/frame_8405.png,7x,day,7x,1920,1080,110.21576690673828,121.6185531616211,124.39550018310547,63.48070526123047,53.40928649902344,47.92277145385742,118.5311279296875,55.74690246582031,122.04219818115234,131.32681274414062,-11.402786254882812,2.776947021484375,0.0013917824074074073,17.343772888183594,0.002318190586419753,2.5938236713409424,3.375771604938272e-06,7,0.9022639393806458
/home/jshong/Code/unfied-sr-denoise-platform/results/mc_g105_capture_deploy/night/1x/frame_0401.png,1x,night,1x,1920,1080,90.8804931640625,92.89242553710938,88.3482666015625,60.24535369873047,60.2140998840332,60.74690628051758,91.77313232421875,60.020809173583984,127.3609390258789,126.06056213378906,-2.011932373046875,-4.544158935546875,0.0644068287037037,301.20556640625,0.15790557484567902,12.045231819152832,5.304783950617284e-05,110,2.737227439880371
/home/jshong/Code/unfied-sr-denoise-platform/results/mc_g105_capture_deploy/night/1x/frame_0402.png,1x,night,1x,1920,1080,90.99906921386719,93.04878234863281,88.54718017578125,60.16779327392578,60.16291809082031,60.68549728393555,91.92315673828125,59.95897674560547,127.33745574951172,126.08961486816406,-2.049713134765625,-4.5016021728515625,0.06389612268518519,291.9778747558594,0.15687837577160493,11.952527046203613,5.642361111111111e-05,117,2.737227439880371
/home/jshong/Code/unfied-sr-denoise-platform/results/mc_g105_capture_deploy/night/1x/frame_0403.png,1x,night,1x,1920,1080,91.08224487304688,93.1795425415039,88.83366394042969,60.053131103515625,60.08102798461914,60.58800506591797,92.05809783935547,59.86343002319336,127.2989501953125,126.1766586303711,-2.0972976684570312,-4.345878601074219,0.06363859953703704,286.1065673828125,0.15581114969135804,11.845657348632812,5.208333333333334e-05,108,2.737227439880371
/home/jshong/Code/unfied-sr-denoise-platform/results/mc_g105_capture_deploy/night/1x/frame_0404.png,1x,night,1x,1920,1080,90.63735961914062,92.86357116699219,88.33909606933594,60.22707748413086,60.237274169921875,60.83164978027344,91.68265533447266,60.032249450683594,127.24950408935547,126.10833740234375,-2.2262115478515625,-4.52447509765625,0.06365162037037037,282.8544006347656,0.158921199845679,12.078975677490234,5.208333333333334e-05,108,2.737227439880371
/home/jshong/Code/unfied-sr-denoise-platform/results/mc_g105_capture_deploy/night/1x/frame_0405.png,1x,night,1x,1920,1080,90.50410461425781,92.85688018798828,88.21800994873047,60.2771110534668,60.28104782104492,60.94435119628906,91.6251449584961,60.08347702026367,127.19527435302734,126.07258605957031,-2.3527755737304688,-4.6388702392578125,0.06405574845679013,283.0134582519531,0.1596850887345679,12.11310863494873,5.2565586419753085e-05,109,2.737227439880371
/home/jshong/Code/unfied-sr-denoise-platform/results/mc_g105_capture_deploy/night/1x/frame_3401.png,1x,night,1x,1920,1080,91.88262939453125,93.23224639892578,92.77571105957031,50.86762237548828,51.76575469970703,51.10816955566406,92.7708740234375,51.193782806396484,127.37186431884766,127.99513244628906,-1.3496170043945312,-0.45653533935546875,0.01744357638888889,91.46409606933594,0.08298466435185185,12.02984619140625,5.497685185185185e-05,114,0.9646297097206116
/home/jshong/Code/unfied-sr-denoise-platform/results/mc_g105_capture_deploy/night/1x/frame_3402.png,1x,night,1x,1920,1080,92.08990478515625,93.18850708007812,93.16654205322266,50.805171966552734,51.756229400634766,51.00434494018555,92.85111999511719,51.157352447509766,127.46245574951172,128.1697540283203,-1.098602294921875,-0.02196502685546875,0.017155189043209878,91.2082290649414,0.08237509645061729,11.93684196472168,5.304783950617284e-05,110,0.9646297097206116
/home/jshong/Code/unfied-sr-denoise-platform/results/mc_g105_capture_deploy/night/1x/frame_3403.png,1x,night,1x,1920,1080,92.02548217773438,93.31322479248047,93.86566925048828,50.79988479614258,51.70033264160156,50.786869049072266,92.98463439941406,51.09788131713867,127.3203353881836,128.4890899658203,-1.2877426147460938,0.5524444580078125,0.017200520833333333,92.27641296386719,0.08193238811728396,11.699922561645508,5.931712962962963e-05,123,0.9646297097206116
/home/jshong/Code/unfied-sr-denoise-platform/results/mc_g105_capture_deploy/night/1x/frame_3404.png,1x,night,1x,1920,1080,91.35771942138672,93.38741302490234,93.8283920288086,51.00392150878906,51.71656799316406,50.82052993774414,92.82469940185547,51.173545837402344,126.96044158935547,128.5599822998047,-2.029693603515625,0.44097900390625,0.017780671296296298,97.03190612792969,0.08305266203703704,11.806208610534668,6.606867283950618e-05,137,0.9646297097206116
/home/jshong/Code/unfied-sr-denoise-platform/results/mc_g105_capture_deploy/night/1x/frame_3405.png,1x,night,1x,1920,1080,90.90031433105469,93.27001953125,92.66886901855469,51.12969207763672,51.83977508544922,51.19216537475586,92.48692321777344,51.322940826416016,126.87034606933594,128.09637451171875,-2.3697052001953125,-0.6011505126953125,0.017916184413580248,98.96932983398438,0.08538049768518519,12.192795753479004,6.847993827160494e-05,142,0.9646297097206116
/home/jshong/Code/unfied-sr-denoise-platform/results/mc_g105_capture_deploy/night/2x/frame_0701.png,2x,night,2x,1920,1080,89.74793243408203,92.97425842285156,86.87957000732422,55.29475021362305,54.61317443847656,54.734107971191406,91.3130111694336,54.39364242553711,126.87342071533203,125.49005889892578,-3.2263259887695312,-6.094688415527344,0.07444299768518518,246.14012145996094,0.14293836805555554,9.754920959472656,3.375771604938271e-05,70,3.5301265716552734
/home/jshong/Code/unfied-sr-denoise-platform/results/mc_g105_capture_deploy/night/2x/frame_0702.png,2x,night,2x,1920,1080,89.89324951171875,93.16969299316406,86.9269790649414,55.333858489990234,54.64921569824219,54.85514831542969,91.47705841064453,54.4348258972168,126.86052703857422,125.4245376586914,-3.2764434814453125,-6.242713928222656,0.07364872685185185,236.90277099609375,0.14167631172839507,9.72675895690918,4.533179012345679e-05,94,3.5301265716552734
/home/jshong/Code/unfied-sr-denoise-platform/results/mc_g105_capture_deploy/night/2x/frame_0703.png,2x,night,2x,1920,1080,89.80792236328125,93.05095672607422,88.05415344238281,55.440738677978516,54.83201217651367,54.79401397705078,91.51080322265625,54.5584716796875,126.77526092529297,126.04248046875,-3.2430343627929688,-4.996803283691406,0.07422646604938271,239.9698028564453,0.14192997685185185,9.77138900756836,4.8225308641975306e-05,100,3.5301265716552734
/home/jshong/Code/unfied-sr-denoise-platform/results/mc_g105_capture_deploy/night/2x/frame_0704.png,2x,night,2x,1920,1080,88.85317993164062,92.3178939819336,87.3487777709961,55.858882904052734,55.21434783935547,55.177459716796875,90.7144775390625,54.94845962524414,126.66371154785156,126.09374237060547,-3.4647140502929688,-4.9691162109375,0.07586998456790124,248.92626953125,0.15046682098765432,10.127215385437012,3.520447530864198e-05,73,3.5301265716552734
/home/jshong/Code/unfied-sr-denoise-platform/results/mc_g105_capture_deploy/night/2x/frame_0705.png,2x,night,2x,1920,1080,88.58023834228516,92.1035385131836,87.55008697509766,56.01639175415039,55.375457763671875,55.33997344970703,90.52975463867188,55.10359191894531,126.6010971069336,126.31233215332031,-3.5233001708984375,-4.5534515380859375,0.07602864583333334,247.812255859375,0.15267505787037036,10.222367286682129,4.099151234567901e-05,85,3.5301265716552734
/home/jshong/Code/unfied-sr-denoise-platform/results/mc_g105_capture_deploy/night/2x/frame_3801.png,2x,night,2x,1920,1080,91.15397644042969,92.4188461303711,93.48016357421875,46.789039611816406,47.04698181152344,45.07147979736328,92.15264892578125,46.5117301940918,127.27098846435547,128.74356079101562,-1.2648696899414062,1.0613174438476562,0.022903163580246914,87.03279113769531,0.08069155092592592,10.732155799865723,2.652391975308642e-05,55,1.0309351682662964
/home/jshong/Code/unfied-sr-denoise-platform/results/mc_g105_capture_deploy/night/2x/frame_3802.png,2x,night,2x,1920,1080,90.50675964355469,92.02837371826172,92.52249145507812,47.06201934814453,47.28160858154297,45.38738250732422,91.62154388427734,46.76844787597656,127.18470764160156,128.4993438720703,-1.5216140747070312,0.49411773681640625,0.022513985339506173,87.06597137451172,0.0835985725308642,11.575702667236328,2.7006172839506174e-05,56,1.0309351682662964
/home/jshong/Code/unfied-sr-denoise-platform/results/mc_g105_capture_deploy/night/2x/frame_3803.png,2x,night,2x,1920,1080,91.0947036743164,92.45247650146484,93.29736328125,46.78600311279297,47.01947784423828,45.083106994628906,92.13330078125,46.49367141723633,127.24066925048828,128.64999389648438,-1.3577728271484375,0.8448867797851562,0.022335069444444446,85.43712615966797,0.08094907407407408,10.674951553344727,2.7006172839506174e-05,56,1.0309351682662964
/home/jshong/Code/unfied-sr-denoise-platform/results/mc_g105_capture_deploy/night/2x/frame_3804.png,2x,night,2x,1920,1080,90.76566314697266,92.16979217529297,92.58343505859375,47.01124572753906,47.23244094848633,45.38234329223633,91.78909301757812,46.721458435058594,127.251220703125,128.4383544921875,-1.4041290283203125,0.41364288330078125,0.02234278549382716,84.3770523071289,0.0825733024691358,11.42844295501709,3.18287037037037e-05,66,1.0309351682662964
/home/jshong/Code/unfied-sr-denoise-platform/results/mc_g105_capture_deploy/night/2x/frame_3805.png,2x,night,2x,1920,1080,90.49591064453125,91.99626922607422,92.17243194580078,47.135459899902344,47.32838439941406,45.53767776489258,91.55937194824219,46.83259201049805,127.2209701538086,128.3351593017578,-1.5003585815429688,0.1761627197265625,0.022046199845679012,83.37480163574219,0.08367766203703704,11.78469467163086,2.8935185185185186e-05,60,1.0309351682662964
/home/jshong/Code/unfied-sr-denoise-platform/results/mc_g105_capture_deploy/night/3x/frame_1001.png,3x,night,3x,1920,1080,84.73793029785156,89.35868072509766,83.26007080078125,54.221771240234375,54.00967025756836,54.292564392089844,87.28044128417969,53.72643280029297,126.18534088134766,125.73007202148438,-4.620750427246094,-6.098609924316406,0.09275270061728395,264.7525939941406,0.17626880787037036,9.356844902038574,6.221064814814815e-05,129,3.470463275909424
/home/jshong/Code/unfied-sr-denoise-platform/results/mc_g105_capture_deploy/night/3x/frame_1002.png,3x,night,3x,1920,1080,85.6152572631836,89.08373260498047,85.49789428710938,54.14934158325195,54.32563781738281,53.79018020629883,87.63787078857422,53.844215393066406,126.55449676513672,126.7988510131836,-3.468475341796875,-3.5858383178710938,0.09354070216049383,270.74713134765625,0.1733468364197531,9.309905052185059,5.497685185185185e-05,114,3.470463275909424
/home/jshong/Code/unfied-sr-denoise-platform/results/mc_g105_capture_deploy/night/3x/frame_1003.png,3x,night,3x,1920,1080,85.66448974609375,89.25452423095703,85.13807678222656,54.30580139160156,54.41520309448242,54.12489318847656,87.7117919921875,53.978424072265625,126.53680419921875,126.55380249023438,-3.5900344848632812,-4.116447448730469,0.09224729938271604,255.1245574951172,0.17358699845679013,9.307727813720703,4.3885030864197534e-05,91,3.470463275909424
/home/jshong/Code/unfied-sr-denoise-platform/results/mc_g105_capture_deploy/night/3x/frame_1004.png,3x,night,3x,1920,1080,86.68023681640625,90.27857208251953,86.46845245361328,53.924598693847656,54.03654861450195,53.673622131347656,88.7679443359375,53.590736389160156,126.50724792480469,126.70845031738281,-3.5983352661132812,-3.81011962890625,0.09177083333333333,247.0225067138672,0.1589115547839506,8.929683685302734,4.243827160493827e-05,88,3.470463275909424
/home/jshong/Code/unfied-sr-denoise-platform/results/mc_g105_capture_deploy/night/3x/frame_1005.png,3x,night,3x,1920,1080,85.79641723632812,89.98918151855469,84.78853607177734,54.22089767456055,54.14535903930664,54.21341323852539,88.14198303222656,53.79124069213867,126.32416534423828,126.1114273071289,-4.1927642822265625,-5.200645446777344,0.09366898148148148,262.55035400390625,0.1671455439814815,9.109265327453613,4.436728395061728e-05,92,3.470463275909424
/home/jshong/Code/unfied-sr-denoise-platform/results/mc_g105_capture_deploy/night/3x/frame_4101.png,3x,night,3x,1920,1080,85.5764389038086,88.48062896728516,90.49576568603516,50.83126449584961,50.39607238769531,47.91873550415039,87.84850311279297,50.081241607666016,126.38349914550781,129.50482177734375,-2.9041900634765625,2.01513671875,0.025399305555555557,79.85582733154297,0.08775173611111112,6.542025566101074,3.375771604938271e-05,70,1.179072618484497
/home/jshong/Code/unfied-sr-denoise-platform/results/mc_g105_capture_deploy/night/3x/frame_4102.png,3x,night,3x,1920,1080,85.50508117675781,88.45360565185547,90.35243225097656,50.85429000854492,50.407318115234375,47.927494049072266,87.79425048828125,50.093788146972656,126.36986541748047,129.45314025878906,-2.9485244750976562,1.8988265991210938,0.025245949074074073,79.62896728515625,0.0881910686728395,6.579002857208252,2.797067901234568e-05,58,1.179072618484497
/home/jshong/Code/unfied-sr-denoise-platform/results/mc_g105_capture_deploy/night/3x/frame_4103.png,3x,night,3x,1920,1080,85.07752990722656,88.17632293701172,89.68820190429688,51.01762008666992,50.53154373168945,48.08027648925781,87.42717742919922,50.23106002807617,126.32443237304688,129.28289794921875,-3.0987930297851562,1.5118789672851562,0.025596547067901234,83.53514099121094,0.09078028549382716,6.852126598358154,2.507716049382716e-05,52,1.179072618484497
/home/jshong/Code/unfied-sr-denoise-platform/results/mc_g105_capture_deploy/night/3x/frame_4104.png,3x,night,3x,1920,1080,84.43260955810547,87.8124008178711,88.77771759033203,51.25834655761719,50.73961639404297,48.39445877075195,86.91585540771484,50.459232330322266,126.2292251586914,129.05526733398438,-3.379791259765625,0.9653167724609375,0.026123649691358025,86.21118927001953,0.0948630401234568,7.178031921386719,2.604166666666667e-05,54,1.179072618484497
/home/jshong/Code/unfied-sr-denoise-platform/results/mc_g105_capture_deploy/night/3x/frame_4105.png,3x,night,3x,1920,1080,84.56574249267578,87.92327117919922,88.99500274658203,51.22035217285156,50.70208740234375,48.346107482910156,87.04613494873047,50.420654296875,126.232177734375,129.10531616210938,-3.3575286865234375,1.0717315673828125,0.025911458333333335,83.13668060302734,0.09378086419753086,7.071399211883545,2.845293209876543e-05,59,1.179072618484497
/home/jshong/Code/unfied-sr-denoise-platform/results/mc_g105_capture_deploy/night/4x/frame_1401.png,4x,night,4x,1920,1080,84.2973403930664,91.1479263305664,83.004150390625,49.7365837097168,49.821006774902344,49.21197509765625,88.16954040527344,49.125694274902344,125.23674774169922,125.0912094116211,-6.8505859375,-8.143775939941406,0.07421875,144.10699462890625,0.1324657600308642,9.747425079345703,1.398533950617284e-05,29,2.1209092140197754
/home/jshong/Code/unfied-sr-denoise-platform/results/mc_g105_capture_deploy/night/4x/frame_1402.png,4x,night,4x,1920,1080,85.37127685546875,91.58261108398438,84.19252014160156,49.424217224121094,49.73431396484375,48.89875793457031,88.88106536865234,48.9619255065918,125.49454498291016,125.36151885986328,-6.211334228515625,-7.3900909423828125,0.07378761574074075,143.9329833984375,0.12510127314814815,9.48331356048584,1.8807870370370372e-05,39,2.1209092140197754
/home/jshong/Code/unfied-sr-denoise-platform/results/mc_g105_capture_deploy/night/4x/frame_1403.png,4x,night,4x,1920,1080,86.247802734375,92.43272399902344,87.41668701171875,49.16898727416992,49.45247268676758,47.9736213684082,90.0100326538086,48.627567291259766,125.31414794921875,126.54706573486328,-6.1849212646484375,-5.0160369873046875,0.07290846836419754,138.43319702148438,0.11260464891975308,9.114503860473633,1.4467592592592593e-05,30,2.1209092140197754
/home/jshong/Code/unfied-sr-denoise-platform/results/mc_g105_capture_deploy/night/4x/frame_1404.png,4x,night,4x,1920,1080,85.2977066040039,92.68429565429688,87.14705657958984,49.53541946411133,49.40345001220703,48.13054275512695,89.84220123291016,48.702884674072266,124.75228118896484,126.48921966552734,-7.386589050292969,-5.537239074707031,0.07247010030864197,138.92884826660156,0.11476948302469135,9.234729766845703,1.4467592592592593e-05,30,2.1209092140197754
/home/jshong/Code/unfied-sr-denoise-platform/results/mc_g105_capture_deploy/night/4x/frame_1405.png,4x,night,4x,1920,1080,85.00151062011719,93.04601287841797,87.46450805664062,49.64452362060547,49.28993606567383,48.08491516113281,90.00209045410156,48.65925216674805,124.42259216308594,126.5782699584961,-8.044502258300781,-5.581504821777344,0.07137972608024691,128.81332397460938,0.1128930362654321,9.199036598205566,6.751543209876544e-06,14,2.1209092140197754
/home/jshong/Code/unfied-sr-denoise-platform/results/mc_g105_capture_deploy/night/4x/frame_4401.png,4x,night,4x,1920,1080,80.7629165649414,83.85724639892578,83.734130859375,46.33962631225586,46.05952835083008,43.80774688720703,82.9210433959961,45.72433090209961,126.46054077148438,128.4628448486328,-3.094329833984375,-0.12311553955078125,0.030542052469135803,82.11837768554688,0.0960498649691358,9.53197193145752,1.8807870370370372e-05,39,1.603219985961914
/home/jshong/Code/unfied-sr-denoise-platform/results/mc_g105_capture_deploy/night/4x/frame_4402.png,4x,night,4x,1920,1080,81.266845703125,84.48091125488281,84.19923400878906,46.129608154296875,45.88086700439453,43.62419128417969,83.4914321899414,45.53501510620117,126.414794921875,128.40223693847656,-3.2140655517578125,-0.28167724609375,0.03112847222222222,83.16190338134766,0.09318721064814815,9.200997352600098,2.4594907407407408e-05,51,1.603219985961914
/home/jshong/Code/unfied-sr-denoise-platform/results/mc_g105_capture_deploy/night/4x/frame_4403.png,4x,night,4x,1920,1080,81.60774993896484,84.8536376953125,84.51216888427734,45.98896408081055,45.75734329223633,43.48798751831055,83.84786987304688,45.40301513671875,126.40408325195312,128.37692260742188,-3.2458877563476562,-0.34146881103515625,0.030698302469135803,78.67684173583984,0.09074845679012346,8.93758487701416,2.170138888888889e-05,45,1.603219985961914
/home/jshong/Code/unfied-sr-denoise-platform/results/mc_g105_capture_deploy/night/4x/frame_4404.png,4x,night,4x,1920,1080,81.3978042602539,84.79087829589844,83.96947479248047,46.00278091430664,45.764888763427734,43.499080657958984,83.68672943115234,45.41362380981445,126.36844635009766,128.15872192382812,-3.3930740356445312,-0.8214035034179688,0.030951003086419755,78.03361511230469,0.09132137345679012,8.996667861938477,2.507716049382716e-05,52,1.603219985961914
/home/jshong/Code/unfied-sr-denoise-platform/results/mc_g105_capture_deploy/night/4x/frame_4405.png,4x,night,4x,1920,1080,81.91230010986328,84.9320068359375,84.3885498046875,45.83974075317383,45.70668029785156,43.289276123046875,83.97075653076172,45.305625915527344,126.53317260742188,128.23719787597656,-3.0197067260742188,-0.54345703125,0.03133873456790123,82.1817398071289,0.09004099151234568,8.859028816223145,3.134645061728395e-05,65,1.603219985961914
/home/jshong/Code/unfied-sr-denoise-platform/results/mc_g105_capture_deploy/night/5x/frame_1701.png,5x,night,5x,1920,1080,87.58586120605469,93.16927337646484,86.45993041992188,50.326377868652344,49.90571975708008,49.05219650268555,90.73268127441406,49.37590408325195,125.74842834472656,125.59684753417969,-5.583412170410156,-6.709342956542969,0.0861545138888889,197.34555053710938,0.10782407407407407,10.281989097595215,5.931712962962963e-05,123,2.7124810218811035
/home/jshong/Code/unfied-sr-denoise-platform/results/mc_g105_capture_deploy/night/5x/frame_1702.png,5x,night,5x,1920,1080,87.68680572509766,93.17030334472656,86.63330078125,50.17323684692383,49.79690933227539,48.8565559387207,90.78386688232422,49.24306106567383,125.78382110595703,125.66620635986328,-5.483497619628906,-6.5370025634765625,0.08614824459876544,197.28720092773438,0.10652488425925925,10.213512420654297,4.484953703703704e-05,93,2.7124810218811035
/home/jshong/Code/unfied-sr-denoise-platform/results/mc_g105_capture_deploy/night/5x/frame_1703.png,5x,night,5x,1920,1080,87.4886245727539,92.92072296142578,86.33885192871094,50.19667434692383,49.859920501708984,48.935585021972656,90.54431915283203,49.29903030395508,125.814453125,125.63494110107422,-5.432098388671875,-6.581871032714844,0.08582899305555555,195.0286865234375,0.10801311728395062,10.272642135620117,5.208333333333334e-05,108,2.7124810218811035
/home/jshong/Code/unfied-sr-denoise-platform/results/mc_g105_capture_deploy/night/5x/frame_1704.png,5x,night,5x,1920,1080,87.25665283203125,92.71216583251953,85.93978118896484,50.14849090576172,49.84325408935547,48.920833587646484,90.30687713623047,49.27297592163086,125.81890869140625,125.5433578491211,-5.455513000488281,-6.7723846435546875,0.08542197145061728,192.5425567626953,0.10970293209876543,10.342604637145996,3.8580246913580246e-05,80,2.7124810218811035
/home/jshong/Code/unfied-sr-denoise-platform/results/mc_g105_capture_deploy/night/5x/frame_1705.png,5x,night,5x,1920,1080,87.43378448486328,92.7943115234375,86.23262023925781,49.858890533447266,49.58754348754883,48.54090118408203,90.44157409667969,48.9911994934082,125.84940338134766,125.63333129882812,-5.360527038574219,-6.5616912841796875,0.08496479552469136,189.2279510498047,0.10761622299382716,10.203895568847656,4.677854938271605e-05,97,2.7124810218811035
/home/jshong/Code/unfied-sr-denoise-platform/results/mc_g105_capture_deploy/night/5x/frame_4701.png,5x,night,5x,1920,1080,82.33377075195312,84.40875244140625,82.367431640625,36.2404670715332,36.894752502441406,34.42506790161133,83.55618286132812,36.23725509643555,127.13026428222656,127.3306655883789,-2.074981689453125,-2.04132080078125,0.02890432098765432,45.33335494995117,0.07465470679012345,8.24795150756836,6.751543209876544e-06,14,1.3505223989486694
/home/jshong/Code/unfied-sr-denoise-platform/results/mc_g105_capture_deploy/night/5x/frame_4702.png,5x,night,5x,1920,1080,81.63345336914062,83.68506622314453,81.50054168701172,36.57315444946289,37.188514709472656,34.800872802734375,82.82355499267578,36.5535774230957,127.1539535522461,127.25330352783203,-2.0516128540039062,-2.1845245361328125,0.02903935185185185,45.81003952026367,0.07900800540123457,8.647461891174316,6.26929012345679e-06,13,1.3505223989486694
/home/jshong/Code/unfied-sr-denoise-platform/results/mc_g105_capture_deploy/night/5x/frame_4703.png,5x,night,5x,1920,1080,81.93375396728516,84.03933715820312,82.8417739868164,36.505218505859375,37.06657409667969,34.55223846435547,83.27438354492188,36.431419372558594,127.04627990722656,127.75988006591797,-2.1055831909179688,-1.1975631713867188,0.02919560185185185,45.55723190307617,0.07689091435185186,8.43582820892334,5.787037037037037e-06,12,1.3505223989486694
/home/jshong/Code/unfied-sr-denoise-platform/results/mc_g105_capture_deploy/night/5x/frame_4704.png,5x,night,5x,1920,1080,81.3244400024414,83.7722396850586,83.03362274169922,36.707332611083984,37.17135238647461,34.64790344238281,82.9571533203125,36.56000518798828,126.8377914428711,128.0486297607422,-2.4477996826171875,-0.738616943359375,0.029632040895061728,45.66964340209961,0.07881413966049383,8.593903541564941,6.26929012345679e-06,13,1.3505223989486694
/home/jshong/Code/unfied-sr-denoise-platform/results/mc_g105_capture_deploy/night/5x/frame_4705.png,5x,night,5x,1920,1080,80.86288452148438,83.35368347167969,81.82617950439453,36.87528610229492,37.325130462646484,35.03349304199219,82.4359130859375,36.747032165527344,126.88108825683594,127.65811157226562,-2.4907989501953125,-1.5275039672851562,0.029726080246913582,46.51446533203125,0.0818407600308642,8.90235424041748,5.787037037037037e-06,12,1.3505223989486694
/home/jshong/Code/unfied-sr-denoise-platform/results/mc_g105_capture_deploy/night/6x/frame_2001.png,6x,night,6x,1920,1080,87.4171142578125,94.42279052734375,84.97750854492188,47.344993591308594,46.6558723449707,46.03030776977539,91.24668884277344,46.120323181152344,125.25589752197266,124.4718017578125,-7.00567626953125,-9.445281982421875,0.03396701388888889,43.116546630859375,0.08201678240740741,9.94888687133789,0.0,0,1.5052509307861328
/home/jshong/Code/unfied-sr-denoise-platform/results/mc_g105_capture_deploy/night/6x/frame_2002.png,6x,night,6x,1920,1080,87.47035217285156,94.52336120605469,85.53219604492188,47.16507339477539,46.49415969848633,45.73537826538086,91.38438415527344,45.940311431884766,125.19435119628906,124.70877838134766,-7.053009033203125,-8.991165161132812,0.031239872685185185,40.37296676635742,0.0802637924382716,9.827855110168457,0.0,0,1.5052509307861328
/home/jshong/Code/unfied-sr-denoise-platform/results/mc_g105_capture_deploy/night/6x/frame_2003.png,6x,night,6x,1920,1080,87.49776458740234,94.53170013427734,86.04593658447266,47.079471588134766,46.38005447387695,45.48149108886719,91.45655059814453,45.82421875,125.16104125976562,124.95886993408203,-7.033935546875,-8.485763549804688,0.029225501543209877,37.27180099487305,0.07902729552469136,9.760557174682617,0.0,0,1.5052509307861328
/home/jshong/Code/unfied-sr-denoise-platform/results/mc_g105_capture_deploy/night/6x/frame_2004.png,6x,night,6x,1920,1080,87.0831527709961,94.2041015625,83.81494903564453,47.128379821777344,46.38030242919922,46.21485137939453,90.88487243652344,45.908573150634766,125.27552032470703,124.0201644897461,-7.120948791503906,-10.389152526855469,0.02982928240740741,43.576839447021484,0.08217737268518518,10.076648712158203,0.0,0,1.5052509307861328
/home/jshong/Code/unfied-sr-denoise-platform/results/mc_g105_capture_deploy/night/6x/frame_2005.png,6x,night,6x,1920,1080,87.00652313232422,94.20880126953125,84.34053802490234,47.241947174072266,46.46220779418945,46.115821838378906,90.92410278320312,45.985347747802734,125.19377136230469,124.29484558105469,-7.202278137207031,-9.868263244628906,0.033254243827160496,52.6605224609375,0.08200520833333333,9.975898742675781,4.822530864197531e-07,1,1.5052509307861328
/home/jshong/Code/unfied-sr-denoise-platform/results/mc_g105_capture_deploy/night/6x/frame_5001.png,6x,night,6x,1920,1080,79.38056945800781,81.80548858642578,79.29459381103516,36.699825286865234,37.565677642822266,35.08696746826172,80.7943115234375,36.82331085205078,126.9952392578125,127.15145111083984,-2.4249191284179688,-2.510894775390625,0.031612172067901234,51.603851318359375,0.08241560570987655,9.586220741271973,1.8325617283950617e-05,38,1.5276490449905396
/home/jshong/Code/unfied-sr-denoise-platform/results/mc_g105_capture_deploy/night/6x/frame_5002.png,6x,night,6x,1920,1080,79.06727600097656,81.54815673828125,78.9950942993164,36.77865982055664,37.6313591003418,35.170448303222656,80.51557922363281,36.8951530456543,126.97035217285156,127.13984680175781,-2.4808807373046875,-2.5530624389648438,0.031633873456790126,50.244686126708984,0.08393663194444445,9.70141887664795,1.54320987654321e-05,32,1.5276490449905396
/home/jshong/Code/unfied-sr-denoise-platform/results/mc_g105_capture_deploy/night/6x/frame_5003.png,6x,night,6x,1920,1080,77.7479019165039,80.56343078613281,77.41427612304688,37.205894470214844,37.96871566772461,35.61061477661133,79.3624267578125,37.27193069458008,126.85198974609375,126.8971176147461,-2.8155288696289062,-3.1491546630859375,0.03295428240740741,53.78311538696289,0.0910325038580247,10.233953475952148,1.591435185185185e-05,33,1.5276490449905396
/home/jshong/Code/unfied-sr-denoise-platform/results/mc_g105_capture_deploy/night/6x/frame_5004.png,6x,night,6x,1920,1080,77.92497253417969,80.75221252441406,77.64336395263672,37.15506362915039,37.9138298034668,35.54000473022461,79.5526351928711,37.21583938598633,126.84305572509766,126.92019653320312,-2.827239990234375,-3.1088485717773438,0.033359375,54.226043701171875,0.09013503086419752,10.113053321838379,1.6396604938271605e-05,34,1.5276490449905396
/home/jshong/Code/unfied-sr-denoise-platform/results/mc_g105_capture_deploy/night/6x/frame_5005.png,6x,night,6x,1920,1080,78.0205307006836,80.84011840820312,77.68211364746094,37.09607696533203,37.87173080444336,35.4930534362793,79.6373062133789,37.16697692871094,126.850341796875,126.89397430419922,-2.8195877075195312,-3.1580047607421875,0.032859760802469135,52.21028518676758,0.08951485339506172,10.06173038482666,1.3503086419753087e-05,28,1.5276490449905396
/home/jshong/Code/unfied-sr-denoise-platform/results/mc_g105_capture_deploy/night/7x/frame_2401.png,7x,night,7x,1920,1080,88.13529968261719,92.78643798828125,86.86650085449219,47.4000129699707,46.11102294921875,46.15260696411133,90.71206665039062,46.012813568115234,126.14729309082031,125.84486389160156,-4.6511383056640625,-5.9199371337890625,0.0016965663580246913,14.439870834350586,0.09849971064814815,9.546384811401367,0.0,0,0.8962799906730652
/home/jshong/Code/unfied-sr-denoise-platform/results/mc_g105_capture_deploy/night/7x/frame_2402.png,7x,night,7x,1920,1080,88.12775421142578,92.82096862792969,86.68570709228516,47.41958999633789,46.112796783447266,46.22384262084961,90.7088851928711,46.027191162109375,126.14303588867188,125.7454605102539,-4.693214416503906,-6.135261535644531,0.0018272569444444445,14.585652351379395,0.0986863425925926,9.518325805664062,0.0,0,0.8962799906730652
/home/jshong/Code/unfied-sr-denoise-platform/results/mc_g105_capture_deploy/night/7x/frame_2403.png,7x,night,7x,1920,1080,88.09293365478516,92.82437896728516,86.55903625488281,47.432613372802734,46.1179084777832,46.234519958496094,90.68537139892578,46.03728103637695,126.13451385498047,125.68531036376953,-4.7314453125,-6.265342712402344,0.0018774112654320987,14.545635223388672,0.09888261959876543,9.550318717956543,0.0,0,0.8962799906730652
/home/jshong/Code/unfied-sr-denoise-platform/results/mc_g105_capture_deploy/night/7x/frame_2404.png,7x,night,7x,1920,1080,88.06848907470703,92.82633972167969,86.30729675292969,47.48185729980469,46.1524543762207,46.3377685546875,90.65061950683594,46.08194351196289,126.14213562011719,125.56236267089844,-4.757850646972656,-6.51904296875,0.0020712770061728394,15.166298866271973,0.09921296296296296,9.59919261932373,0.0,0,0.8962799906730652
/home/jshong/Code/unfied-sr-denoise-platform/results/mc_g105_capture_deploy/night/7x/frame_2405.png,7x,night,7x,1920,1080,88.04712677001953,92.74201965332031,86.3865966796875,47.513526916503906,46.209388732910156,46.321083068847656,90.60420227050781,46.12324142456055,126.15991973876953,125.63352966308594,-4.694892883300781,-6.3554229736328125,0.0020437885802469134,15.122638702392578,0.0998046875,9.58896541595459,0.0,0,0.8962799906730652
/home/jshong/Code/unfied-sr-denoise-platform/results/mc_g105_capture_deploy/night/7x/frame_5301.png,7x,night,7x,1920,1080,78.41793060302734,81.25167846679688,79.60408782958984,35.98050308227539,37.127037048339844,35.45823287963867,80.21675109863281,36.4017448425293,126.7206802368164,127.65414428710938,-2.8337478637695312,-1.6475906372070312,0.022119502314814816,38.78769302368164,0.07092447916666667,9.99300765991211,1.4467592592592592e-06,3,2.057060718536377
/home/jshong/Code/unfied-sr-denoise-platform/results/mc_g105_capture_deploy/night/7x/frame_5302.png,7x,night,7x,1920,1080,79.2859115600586,81.62976837158203,80.78324890136719,35.770225524902344,37.09335708618164,35.1079216003418,80.83248138427734,36.27511215209961,126.89952850341797,127.97498321533203,-2.3438568115234375,-0.8465194702148438,0.020318287037037037,34.13032150268555,0.06758680555555556,9.713775634765625,1.9290123456790124e-06,4,2.057060718536377
/home/jshong/Code/unfied-sr-denoise-platform/results/mc_g105_capture_deploy/night/7x/frame_5303.png,7x,night,7x,1920,1080,79.55517578125,81.6593017578125,80.98704528808594,35.84023666381836,37.25760269165039,35.103336334228516,80.95360565185547,36.38667678833008,127.00452423095703,128.021484375,-2.1041259765625,-0.6722564697265625,0.018527681327160494,29.21818733215332,0.06732204861111112,9.850096702575684,0.0,0,2.057060718536377
/home/jshong/Code/unfied-sr-denoise-platform/results/mc_g105_capture_deploy/night/7x/frame_5304.png,7x,night,7x,1920,1080,79.6231918334961,81.93429565429688,80.48297882080078,35.86376953125,37.27798080444336,35.00870132446289,81.07749938964844,36.38954544067383,126.96515655517578,127.6655044555664,-2.3111038208007812,-1.4513168334960938,0.01669994212962963,25.597951889038086,0.06674623842592593,9.94877815246582,0.0,0,2.057060718536377
/home/jshong/Code/unfied-sr-denoise-platform/results/mc_g105_capture_deploy/night/7x/frame_5305.png,7x,night,7x,1920,1080,80.15435791015625,82.44210052490234,80.28758239746094,35.79148864746094,37.173526763916016,34.84970474243164,81.51236724853516,36.2846565246582,127.03455352783203,127.3077163696289,-2.2877426147460938,-2.1545181274414062,0.01580584490740741,23.58740234375,0.06432532793209876,9.776914596557617,0.0,0,2.057060718536377
