relative_path,raw_sharpness,raw_brightness_mean,raw_brightness_std,deploy_sharpness,deploy_brightness_mean,deploy_brightness_std,restormer_teacher_sharpness,restormer_teacher_brightness_mean,restormer_teacher_brightness_std,nafnet_teacher_sharpness,nafnet_teacher_brightness_mean,nafnet_teacher_brightness_std
afternoon/sunny/building/1x/frame_3825.png,580.293701171875,0.5327274799346924,0.2652842104434967,529.7600708007812,0.5341154932975769,0.2665141522884369,576.8890380859375,0.5330176949501038,0.26538628339767456,580.2941284179688,0.5327274799346924,0.2652841806411743
afternoon/sunny/building/3x/frame_3925.png,308.1484680175781,0.5300137400627136,0.257280170917511,277.4791564941406,0.5308850407600403,0.2579486668109894,306.7203369140625,0.5303192734718323,0.2573305368423462,308.1484680175781,0.5300137400627136,0.257280170917511
afternoon/sunny/building/5x/frame_4025.png,113.51874542236328,0.516112208366394,0.2677738666534424,39.32933044433594,0.5167598128318787,0.26930078864097595,113.12211608886719,0.5163575410842896,0.26789894700050354,113.51874542236328,0.516112208366394,0.2677738666534424
afternoon/sunny/building/7x/frame_4175.png,101.33771514892578,0.5197095274925232,0.2733493447303772,18.859142303466797,0.5204064249992371,0.2741996645927429,101.37686157226562,0.5199630856513977,0.27346229553222656,101.33772277832031,0.5197095274925232,0.2733493447303772
afternoon/sunny/mixed/1x/frame_0125.png,1794.816650390625,0.5100638270378113,0.23891840875148773,1387.736572265625,0.5110169053077698,0.23909975588321686,1784.9078369140625,0.510364294052124,0.23895543813705444,1794.8026123046875,0.5100638270378113,0.23891837894916534
afternoon/sunny/mixed/3x/frame_0275.png,1263.134521484375,0.48227807879447937,0.22529739141464233,975.055419921875,0.4835180640220642,0.22607196867465973,1255.801025390625,0.4825090765953064,0.2253546565771103,1263.1314697265625,0.48227807879447937,0.22529733180999756
afternoon/sunny/mixed/5x/frame_0425.png,580.990478515625,0.5553694367408752,0.1935460865497589,292.6191711425781,0.5565739870071411,0.1947319507598877,576.89697265625,0.5557226538658142,0.19351738691329956,580.990478515625,0.5553694367408752,0.1935460865497589
afternoon/sunny/mixed/7x/frame_0575.png,364.618896484375,0.5679063200950623,0.12548618018627167,116.17436981201172,0.5689798593521118,0.1258828043937683,362.66534423828125,0.5682737231254578,0.12549205124378204,364.61859130859375,0.5679063200950623,0.12548618018627167
afternoon/sunny/road_shaded/1x/frame_1725.png,1952.0537109375,0.508068323135376,0.24740886688232422,1690.482421875,0.509526252746582,0.24857394397258759,1941.9754638671875,0.5083585977554321,0.2474505603313446,1952.0587158203125,0.508068323135376,0.24740886688232422
afternoon/sunny/road_shaded/3x/frame_2925.png,1037.94482421875,0.5117310285568237,0.23335498571395874,878.6526489257812,0.5126023888587952,0.23421649634838104,1031.511962890625,0.5119640231132507,0.23340553045272827,1037.945068359375,0.5117310285568237,0.23335495591163635
afternoon/sunny/road_shaded/5x/frame_2175.png,1737.65478515625,0.49653369188308716,0.2748476266860962,1499.1744384765625,0.49776989221572876,0.2762393355369568,1728.7010498046875,0.49675148725509644,0.2748556137084961,1737.65185546875,0.49653366208076477,0.2748475968837738
afternoon/sunny/road_shaded/7x/frame_3125.png,400.659423828125,0.5477152466773987,0.16674363613128662,114.06272888183594,0.5486723780632019,0.16663043200969696,397.38690185546875,0.5483424663543701,0.16683153808116913,400.659423828125,0.5477152466773987,0.16674363613128662
morning/cloudy/building/1x/frame_4375.png,434.9244079589844,0.5300918221473694,0.21889793872833252,425.0055236816406,0.5313920378684998,0.2203877866268158,432.8028259277344,0.5303876399993896,0.2190018743276596,434.9243469238281,0.5300918221473694,0.21889793872833252
morning/cloudy/building/3x/frame_4725.png,162.4437713623047,0.5108006000518799,0.22043712437152863,119.71891021728516,0.5115213394165039,0.22187158465385437,161.93067932128906,0.5110862851142883,0.22055475413799286,162.44378662109375,0.5108006000518799,0.22043712437152863
morning/cloudy/building/5x/frame_4875.png,146.31011962890625,0.5093091130256653,0.2289387434720993,121.47917938232422,0.5100339651107788,0.23006890714168549,146.02381896972656,0.5096666812896729,0.22910627722740173,146.3099365234375,0.5093091130256653,0.2289387434720993
morning/cloudy/building/7x/frame_5025.png,48.33244323730469,0.49933478236198425,0.2557218670845032,13.126937866210938,0.49982506036758423,0.2562641501426697,48.6441764831543,0.4994964897632599,0.25577765703201294,48.33242416381836,0.49933478236198425,0.2557218670845032
morning/cloudy/mixed/1x/frame_0175.png,522.685546875,0.5306071639060974,0.27124205231666565,429.233154296875,0.5315243601799011,0.27159789204597473,520.4963989257812,0.5307876467704773,0.27127930521965027,522.6865234375,0.5306071639060974,0.27124205231666565
morning/cloudy/mixed/3x/frame_0525.png,405.4578552246094,0.555836021900177,0.18865926563739777,300.6466064453125,0.5567952990531921,0.18913306295871735,403.3746032714844,0.556038498878479,0.18867681920528412,405.45794677734375,0.555836021900177,0.18865926563739777
morning/cloudy/mixed/5x/frame_0775.png,625.541259765625,0.5564709901809692,0.16582435369491577,307.3275451660156,0.5578595399856567,0.16660550236701965,620.9234008789062,0.5568615198135376,0.1658870130777359,625.5413818359375,0.5564709901809692,0.16582435369491577
morning/cloudy/mixed/7x/frame_0975.png,558.4840698242188,0.5545908212661743,0.13007330894470215,193.6700897216797,0.5559428334236145,0.13169418275356293,555.2989501953125,0.5550816655158997,0.13013900816440582,558.484130859375,0.5545908212661743,0.13007330894470215
morning/cloudy/road_shaded/1x/frame_2275.png,1247.3466796875,0.508902907371521,0.24453222751617432,1120.48828125,0.5102766752243042,0.24621589481830597,1241.3154296875,0.5091232061386108,0.24456965923309326,1247.35205078125,0.5089029669761658,0.2445322573184967
morning/cloudy/road_shaded/3x/frame_3575.png,896.9816284179688,0.5183608531951904,0.21544194221496582,773.10791015625,0.5192456245422363,0.21669365465641022,891.5696411132812,0.5186886787414551,0.2154918611049652,896.983154296875,0.5183608531951904,0.21544192731380463
morning/cloudy/road_shaded/5x/frame_2775.png,1271.40185546875,0.4797532558441162,0.2881755530834198,1111.9984130859375,0.48090705275535583,0.28958556056022644,1264.80810546875,0.47994381189346313,0.2882174253463745,1271.3995361328125,0.4797532558441162,0.2881755530834198
morning/cloudy/road_shaded/7x/frame_3875.png,132.12164306640625,0.5326091647148132,0.14671458303928375,39.1723518371582,0.5328909158706665,0.1493617594242096,132.04002380371094,0.5331109166145325,0.14670714735984802,132.12167358398438,0.5326091647148132,0.14671458303928375
morning/sunny/building/1x/frame_4375.png,629.3592529296875,0.5139998197555542,0.22909687459468842,596.8348388671875,0.5153539180755615,0.23076926171779633,625.8843383789062,0.5143729448318481,0.22918127477169037,629.3594970703125,0.5139998197555542,0.22909685969352722
morning/sunny/building/3x/frame_4475.png,383.45037841796875,0.5068740844726562,0.2509172558784485,354.4892883300781,0.5080427527427673,0.2525908648967743,381.8747863769531,0.5074402689933777,0.2510553300380707,383.4508361816406,0.5068740844726562,0.2509172558784485
morning/sunny/building/5x/frame_4675.png,229.18397521972656,0.5008403062820435,0.2607294023036957,214.3785400390625,0.5016300678253174,0.26215121150016785,228.41868591308594,0.50118088722229,0.2608445882797241,229.18458557128906,0.5008403062820435,0.2607294023036957
morning/sunny/building/7x/frame_4825.png,183.32032775878906,0.5278322100639343,0.23298393189907074,102.90900421142578,0.5285388827323914,0.2342037707567215,182.6721649169922,0.5281469225883484,0.233066126704216,183.32032775878906,0.5278322100639343,0.23298393189907074
morning/sunny/dark/1x/frame_3425.png,501.3290100097656,0.0657305121421814,0.045726727694272995,206.12364196777344,0.06476633250713348,0.04286890849471092,400.5998229980469,0.06503497064113617,0.04616473615169525,501.3192443847656,0.0657304897904396,0.045726679265499115
morning/sunny/dark/7x/frame_4275.png,289.0078125,0.05472772940993309,0.04098118469119072,129.12030029296875,0.053663235157728195,0.03967202082276344,155.88522338867188,0.05431656911969185,0.04497094452381134,289.001953125,0.05472768843173981,0.04098118841648102
morning/sunny/flat/1x/frame_0225.png,1071.5592041015625,0.5930556058883667,0.058088816702365875,119.52429962158203,0.5944380164146423,0.04356774687767029,1060.9202880859375,0.5930556058883667,0.05808882787823677,1071.55908203125,0.5930556058883667,0.058088816702365875
morning/sunny/flat/3x/frame_1375.png,636.5153198242188,0.5782528519630432,0.0328562967479229,36.77429962158203,0.578866720199585,0.020247971639037132,630.4417114257812,0.5782528519630432,0.0328562930226326,636.515380859375,0.5782528519630432,0.0328562967479229
morning/sunny/flat/5x/frame_1675.png,647.0828247070312,0.5802178978919983,0.03085027076303959,35.84894943237305,0.580703616142273,0.01679225079715252,640.9120483398438,0.5802180171012878,0.030850185081362724,647.0830078125,0.5802178978919983,0.030850280076265335
morning/sunny/flat/7x/frame_2225.png,707.0466918945312,0.5827460289001465,0.049325503408908844,35.61882019042969,0.5831145644187927,0.04093630611896515,700.1343383789062,0.5827460289001465,0.04932546615600586,707.0466918945312,0.5827460289001465,0.04932550713419914
morning/sunny/mixed/1x/frame_0425.png,392.283203125,0.5364391803741455,0.28625717759132385,320.29058837890625,0.5371591448783875,0.286292165517807,390.94921875,0.5366052985191345,0.28628572821617126,392.28912353515625,0.5364391803741455,0.28625717759132385
morning/sunny/mixed/3x/frame_0575.png,157.29869079589844,0.5448244214057922,0.22927290201187134,69.82811737060547,0.5454115867614746,0.22916507720947266,157.043212890625,0.5449378490447998,0.22927796840667725,157.2987518310547,0.5448244214057922,0.22927290201187134
morning/sunny/mixed/5x/frame_0825.png,276.4327697753906,0.5577908754348755,0.2189774066209793,71.04776000976562,0.5584516525268555,0.21863733232021332,275.33282470703125,0.5581979155540466,0.21912604570388794,276.4328308105469,0.5577908754348755,0.2189774066209793
morning/sunny/mixed/7x/frame_1025.png,387.7892150878906,0.5797290205955505,0.15452997386455536,40.5495491027832,0.5804000496864319,0.15321332216262817,385.8276672363281,0.5801166892051697,0.1545582264661789,387.7896728515625,0.5797290205955505,0.15452997386455536
morning/sunny/road_shaded/1x/frame_1925.png,1843.7178955078125,0.507107675075531,0.2705320119857788,1533.3948974609375,0.5084736943244934,0.2715401351451874,1834.150146484375,0.5073357820510864,0.2705475091934204,1843.719482421875,0.5071076154708862,0.2705320119857788
morning/sunny/road_shaded/3x/frame_3075.png,585.9791870117188,0.543982207775116,0.23745791614055634,516.7564086914062,0.5448894500732422,0.2384810596704483,582.8582153320312,0.5444427728652954,0.237608402967453,585.9783325195312,0.543982207775116,0.23745793104171753
morning/sunny/road_shaded/5x/frame_2275.png,1093.6951904296875,0.45371365547180176,0.2999606430530548,929.9440307617188,0.45475974678993225,0.3009842336177826,1088.25146484375,0.45387646555900574,0.2999866306781769,1093.6956787109375,0.45371365547180176,0.2999606430530548
morning/sunny/road_shaded/7x/frame_3425.png,282.41094970703125,0.5576782822608948,0.12135417014360428,96.6186294555664,0.5582455396652222,0.12321581691503525,280.51580810546875,0.5581291317939758,0.12140192836523056,282.41119384765625,0.5576782822608948,0.12135417759418488
