relative_path,time_of_day,weather,scene,zoom,input_width,input_height,crop_width,crop_height,output_width,output_height,crop_path,bicubic_path,deploy_path,comparison_path,bicubic_sharpness_laplacian_var,bicubic_tenengrad,bicubic_edge_density,bicubic_hf_energy,bicubic_ringing_proxy,bicubic_local_contrast,bicubic_luma_mean,bicubic_luma_std,bicubic_saturation_mean,deploy_sharpness_laplacian_var,deploy_tenengrad,deploy_edge_density,deploy_hf_energy,deploy_ringing_proxy,deploy_local_contrast,deploy_luma_mean,deploy_luma_std,deploy_saturation_mean,deploy_minus_bicubic_luma_mean,deploy_bicubic_lowfreq_luma_mae,deploy_bicubic_chroma_mae,deploy_bicubic_rgb_mae,deploy_bicubic_diff_p95,bicubic_niqe,bicubic_brisque,bicubic_piqe,deploy_niqe,deploy_brisque,deploy_piqe,deploy_minus_bicubic_niqe,deploy_minus_bicubic_brisque,deploy_minus_bicubic_piqe,sharpness_ratio,edge_density_ratio,hf_energy_ratio,ringing_ratio,local_contrast_ratio,failure_labels,risk_score
afternoon/sunny/building/1x/frame_3825.png,afternoon,sunny,building,1x,1920,1080,320,180,1280,720,input_crop_320x180/afternoon/sunny/building/1x/frame_3825.png,bicubic/afternoon/sunny/building/1x/frame_3825.png,pred_deploy_gpu/afternoon/sunny/building/1x/frame_3825.png,afternoon/sunny/building/1x/frame_3825.compare.jpg,4.746818542480469,1322.410888671875,0.010221354166666667,2.751370429992676,11.213714599609375,15.481367111206055,100.20254516601562,56.59909439086914,30.03945541381836,18.861289978027344,2400.232177734375,0.02148871527777778,3.493532657623291,14.481551170349121,16.840862274169922,100.41378784179688,57.72348403930664,31.905256271362305,0.21127279102802277,0.299299418926239,0.6419357657432556,2.799184799194336,13.0,8.107159688858292,65.06353759765625,83.72607421875,7.366329740807508,40.80145263671875,71.0666275024414,-0.7408299480507843,-24.2620849609375,-12.659446716308594,3.97345923574557,2.102335456475584,1.2697427505726995,1.2914142804074558,1.0878149295988084,noise_or_false_texture_amplification;edge_oversharpening_or_ringing;large_local_deviation_from_bicubic,3
afternoon/sunny/building/3x/frame_3925.png,afternoon,sunny,building,3x,1920,1080,320,180,1280,720,input_crop_320x180/afternoon/sunny/building/3x/frame_3925.png,bicubic/afternoon/sunny/building/3x/frame_3925.png,pred_deploy_gpu/afternoon/sunny/building/3x/frame_3925.png,afternoon/sunny/building/3x/frame_3925.compare.jpg,2.8273072242736816,707.1381225585938,0.004194878472222222,1.487217664718628,14.129830360412598,8.857439994812012,72.21888732910156,47.90316390991211,48.84046173095703,11.21652889251709,1186.8134765625,0.005434027777777778,1.715266466140747,18.885818481445312,9.10810375213623,72.41668701171875,48.491294860839844,51.14686584472656,0.19779188930988312,0.256563663482666,0.5093153119087219,1.6024471521377563,5.0,8.474167015529803,71.18099975585938,89.95066833496094,8.29789597405381,39.3516845703125,60.11813735961914,-0.17627104147599226,-31.829315185546875,-29.832530975341797,3.9672126170860507,1.2953957578892914,1.153339223189811,1.3365920184263158,1.0282997973986883,noise_or_false_texture_amplification;edge_oversharpening_or_ringing,2
afternoon/sunny/building/5x/frame_4025.png,afternoon,sunny,building,5x,1920,1080,320,180,1280,720,input_crop_320x180/afternoon/sunny/building/5x/frame_4025.png,bicubic/afternoon/sunny/building/5x/frame_4025.png,pred_deploy_gpu/afternoon/sunny/building/5x/frame_4025.png,afternoon/sunny/building/5x/frame_4025.compare.jpg,1.7515875101089478,150.99844360351562,0.0,0.8415881395339966,0.0,5.461028575897217,72.04141235351562,48.9625244140625,48.27202224731445,4.007308483123779,144.35577392578125,0.0008355034722222222,0.7156410217285156,6.387752532958984,5.177234172821045,72.23084259033203,49.194278717041016,49.868350982666016,0.1894596368074417,0.25363218784332275,0.5214377045631409,1.1164019107818604,4.0,9.006084177202816,67.42428588867188,89.76313018798828,9.087964654401032,40.6304931640625,42.27881622314453,0.0818804771982169,-26.793792724609375,-47.48431396484375,2.287815173376366,,0.8503458973706304,,0.9480327928828781,edge_oversharpening_or_ringing,1
afternoon/sunny/building/7x/frame_4175.png,afternoon,sunny,building,7x,1920,1080,320,180,1280,720,input_crop_320x180/afternoon/sunny/building/7x/frame_4175.png,bicubic/afternoon/sunny/building/7x/frame_4175.png,pred_deploy_gpu/afternoon/sunny/building/7x/frame_4175.png,afternoon/sunny/building/7x/frame_4175.compare.jpg,1.788403868675232,112.52882385253906,0.0,0.8885099291801453,0.0,4.6251749992370605,77.9703140258789,45.37625503540039,39.76657485961914,3.6242012977600098,81.57466888427734,6.401909722222223e-05,0.6477113366127014,5.509054660797119,4.164484024047852,78.20508575439453,45.58195877075195,41.437156677246094,0.2348404973745346,0.3020654320716858,0.4326958656311035,1.077763319015503,3.0,8.484745413190454,68.31634521484375,70.50977325439453,8.92561199168522,41.998046875,44.94425964355469,0.44086657849476474,-26.31829833984375,-25.565513610839844,2.0265004796957036,,0.7289860420697426,,0.9003949093244684,edge_oversharpening_or_ringing,1
afternoon/sunny/mixed/1x/frame_0125.png,afternoon,sunny,mixed,1x,1920,1080,320,180,1280,720,input_crop_320x180/afternoon/sunny/mixed/1x/frame_0125.png,bicubic/afternoon/sunny/mixed/1x/frame_0125.png,pred_deploy_gpu/afternoon/sunny/mixed/1x/frame_0125.png,afternoon/sunny/mixed/1x/frame_0125.compare.jpg,26.069883346557617,6640.5361328125,0.04398980034722222,6.55163049697876,19.56351661682129,23.976669311523438,109.96558380126953,56.93635177612305,55.738555908203125,78.85100555419922,9753.4541015625,0.046845703125,7.897373199462891,23.389999389648438,25.88568115234375,110.5108642578125,59.544166564941406,56.596290588378906,0.5452734231948853,0.5895382165908813,0.9269059300422668,4.172636985778809,18.0,7.765281851887636,58.21026611328125,88.66696166992188,6.753292396818495,35.9405517578125,77.90281677246094,-1.0119894550691413,-22.26971435546875,-10.764144897460938,3.0246013956411146,1.0649219308847833,1.2054057693126483,1.1955927887492899,1.0796195591646593,noise_or_false_texture_amplification;edge_oversharpening_or_ringing;large_local_deviation_from_bicubic,3
afternoon/sunny/mixed/3x/frame_0275.png,afternoon,sunny,mixed,3x,1920,1080,320,180,1280,720,input_crop_320x180/afternoon/sunny/mixed/3x/frame_0275.png,bicubic/afternoon/sunny/mixed/3x/frame_0275.png,pred_deploy_gpu/afternoon/sunny/mixed/3x/frame_0275.png,afternoon/sunny/mixed/3x/frame_0275.compare.jpg,3.1571297645568848,544.5264282226562,0.00263671875,1.6114367246627808,14.116236686706543,7.168095111846924,76.92361450195312,23.63495635986328,76.66060638427734,9.128451347351074,804.3048706054688,0.005174696180555555,1.6178815364837646,14.112302780151367,7.032009124755859,77.20130157470703,24.23764419555664,77.75515747070312,0.27767252922058105,0.2939138114452362,0.5683387517929077,1.583325743675232,5.0,9.051364414123386,65.58770751953125,89.78152465820312,7.914282660830587,40.29412841796875,59.76055908203125,-1.137081753292799,-25.2935791015625,-30.020965576171875,2.8913766706172392,1.962551440329218,1.0039994197242417,0.999721320445209,0.9810150416578386,edge_oversharpening_or_ringing,1
afternoon/sunny/mixed/5x/frame_0425.png,afternoon,sunny,mixed,5x,1920,1080,320,180,1280,720,input_crop_320x180/afternoon/sunny/mixed/5x/frame_0425.png,bicubic/afternoon/sunny/mixed/5x/frame_0425.png,pred_deploy_gpu/afternoon/sunny/mixed/5x/frame_0425.png,afternoon/sunny/mixed/5x/frame_0425.compare.jpg,5.682464599609375,812.5938720703125,0.001091579861111111,3.5287606716156006,6.771162986755371,9.950133323669434,106.80377960205078,14.420230865478516,73.43960571289062,7.1620941162109375,491.0826416015625,0.006693793402777778,2.1846694946289062,6.647211074829102,7.9196457862854,107.09101867675781,13.561326026916504,75.2031478881836,0.28724610805511475,0.29538533091545105,0.7547845840454102,3.162487745285034,9.0,9.238352613589925,67.9310302734375,80.39508056640625,8.127672095540913,54.6553955078125,62.91307830810547,-1.110680518049012,-13.275634765625,-17.48200225830078,1.2603851710230232,,0.6191039001884708,0.9816941473468113,0.7959336351248784,no_strong_failure_signal,0
afternoon/sunny/mixed/7x/frame_0575.png,afternoon,sunny,mixed,7x,1920,1080,320,180,1280,720,input_crop_320x180/afternoon/sunny/mixed/7x/frame_0575.png,bicubic/afternoon/sunny/mixed/7x/frame_0575.png,pred_deploy_gpu/afternoon/sunny/mixed/7x/frame_0575.png,afternoon/sunny/mixed/7x/frame_0575.compare.jpg,4.639307498931885,698.3985595703125,0.0011414930555555555,3.071380853652954,7.885324478149414,10.037616729736328,141.8102569580078,16.254810333251953,25.2182674407959,6.93262243270874,588.0811157226562,0.007825520833333334,2.3021774291992188,6.965095520019531,9.027557373046875,142.34573364257812,16.083805084228516,26.47417449951172,0.5354958772659302,0.5363515615463257,0.6762039065361023,2.4802541732788086,7.0,9.035263655723439,63.9622802734375,71.97681427001953,8.301722643171594,52.87286376953125,63.418556213378906,-0.7335410125518447,-11.08941650390625,-8.558258056640625,1.494322683785209,,0.7495577848839939,0.8832985299869551,0.8993725917331389,edge_oversharpening_or_ringing,1
afternoon/sunny/road_shaded/1x/frame_1725.png,afternoon,sunny,road_shaded,1x,1920,1080,320,180,1280,720,input_crop_320x180/afternoon/sunny/road_shaded/1x/frame_1725.png,bicubic/afternoon/sunny/road_shaded/1x/frame_1725.png,pred_deploy_gpu/afternoon/sunny/road_shaded/1x/frame_1725.png,afternoon/sunny/road_shaded/1x/frame_1725.compare.jpg,26.549724578857422,6820.63525390625,0.05942274305555555,7.882426738739014,14.549256324768066,31.979612350463867,114.38409423828125,71.80596160888672,58.73360824584961,72.6213150024414,10394.1005859375,0.07775390625,9.82469654083252,16.47088623046875,35.29758071899414,114.56462097167969,74.51972198486328,61.01848220825195,0.18051216006278992,0.6385846734046936,1.2076892852783203,5.226934909820557,18.0,7.7885478937183015,64.7945556640625,85.41533660888672,6.801295255426174,56.596923828125,77.08832550048828,-0.9872526382921274,-8.1976318359375,-8.327011108398438,2.735294476850151,1.308487327441385,1.2464050560150488,1.1320775346042518,1.1037526137643174,noise_or_false_texture_amplification;edge_oversharpening_or_ringing;large_local_deviation_from_bicubic,3
afternoon/sunny/road_shaded/3x/frame_2925.png,afternoon,sunny,road_shaded,3x,1920,1080,320,180,1280,720,input_crop_320x180/afternoon/sunny/road_shaded/3x/frame_2925.png,bicubic/afternoon/sunny/road_shaded/3x/frame_2925.png,pred_deploy_gpu/afternoon/sunny/road_shaded/3x/frame_2925.png,afternoon/sunny/road_shaded/3x/frame_2925.compare.jpg,6.435179233551025,1403.8487548828125,0.012463107638888889,3.1485323905944824,12.486066818237305,13.549786567687988,158.4422149658203,32.65934371948242,5.929060459136963,19.124774932861328,2139.14111328125,0.013955078125,2.840756893157959,14.698147773742676,13.048218727111816,159.19810485839844,33.92216491699219,6.256535530090332,0.7558170557022095,0.7577880620956421,0.531287431716919,3.032965898513794,11.0,8.644224910576398,69.53564453125,80.30343627929688,8.264587897866454,54.208984375,65.00421142578125,-0.379637012709944,-15.32666015625,-15.299224853515625,2.9719102201770378,1.1197109524638689,0.9022479494395763,1.1771639530451958,0.9629833401381942,edge_oversharpening_or_ringing,1
afternoon/sunny/road_shaded/5x/frame_2175.png,afternoon,sunny,road_shaded,5x,1920,1080,320,180,1280,720,input_crop_320x180/afternoon/sunny/road_shaded/5x/frame_2175.png,bicubic/afternoon/sunny/road_shaded/5x/frame_2175.png,pred_deploy_gpu/afternoon/sunny/road_shaded/5x/frame_2175.png,afternoon/sunny/road_shaded/5x/frame_2175.compare.jpg,16.764863967895508,4166.52978515625,0.05939236111111111,7.161675453186035,10.48668098449707,26.481840133666992,97.66136932373047,45.64607620239258,96.52085876464844,46.42939376831055,6895.60595703125,0.09906575520833333,9.314984321594238,12.717920303344727,30.296342849731445,97.45826721191406,48.61233901977539,100.28035736083984,-0.20313693583011627,0.3575350046157837,1.2011544704437256,5.0489182472229,15.0,8.673313361658508,61.640869140625,86.87454223632812,7.358551655777269,56.66888427734375,80.59751892089844,-1.3147617058812386,-4.97198486328125,-6.2770233154296875,2.7694464957915685,1.6679881613563285,1.300671104476014,1.2127688753139527,1.1440422076717767,noise_or_false_texture_amplification;edge_oversharpening_or_ringing;large_local_deviation_from_bicubic,3
afternoon/sunny/road_shaded/7x/frame_3125.png,afternoon,sunny,road_shaded,7x,1920,1080,320,180,1280,720,input_crop_320x180/afternoon/sunny/road_shaded/7x/frame_3125.png,bicubic/afternoon/sunny/road_shaded/7x/frame_3125.png,pred_deploy_gpu/afternoon/sunny/road_shaded/7x/frame_3125.png,afternoon/sunny/road_shaded/7x/frame_3125.compare.jpg,4.63108491897583,795.1375122070312,0.0030642361111111113,2.8697359561920166,9.247876167297363,10.583969116210938,165.93467712402344,37.20439529418945,4.330772399902344,7.751491069793701,722.0479736328125,0.006110026041666667,1.9718046188354492,10.834927558898926,9.003113746643066,166.61204528808594,37.556949615478516,5.356520175933838,0.6774110198020935,0.687252402305603,0.5324929356575012,2.8898661136627197,9.0,8.549232978142811,63.5074462890625,76.54151916503906,7.493738772882391,53.3721923828125,59.04691696166992,-1.0554942052604197,-10.13525390625,-17.49460220336914,1.6737959258816513,1.9939801699716713,0.6871031512780453,1.1716125262591366,0.8506368119360294,edge_oversharpening_or_ringing,1
morning/cloudy/building/1x/frame_4375.png,morning,cloudy,building,1x,1920,1080,320,180,1280,720,input_crop_320x180/morning/cloudy/building/1x/frame_4375.png,bicubic/morning/cloudy/building/1x/frame_4375.png,pred_deploy_gpu/morning/cloudy/building/1x/frame_4375.png,morning/cloudy/building/1x/frame_4375.compare.jpg,6.356468677520752,1818.831298828125,0.014887152777777777,3.4233932495117188,13.658512115478516,17.292964935302734,115.03485870361328,56.831058502197266,23.30219268798828,26.25306510925293,3281.009033203125,0.023218315972222223,4.351640701293945,16.532949447631836,18.98169708251953,115.28101348876953,58.169647216796875,25.243831634521484,0.2461230456829071,0.34141743183135986,0.6520686745643616,3.128396987915039,14.0,8.50555303380352,65.8890380859375,78.74211120605469,7.1985641376247465,42.8790283203125,70.50926971435547,-1.3069888961787743,-23.010009765625,-8.232841491699219,4.1301336388386884,1.5596209912536445,1.2711483560688284,1.210450253135249,1.0976542862103036,noise_or_false_texture_amplification;edge_oversharpening_or_ringing;large_local_deviation_from_bicubic,3
morning/cloudy/building/3x/frame_4725.png,morning,cloudy,building,3x,1920,1080,320,180,1280,720,input_crop_320x180/morning/cloudy/building/3x/frame_4725.png,bicubic/morning/cloudy/building/3x/frame_4725.png,pred_deploy_gpu/morning/cloudy/building/3x/frame_4725.png,morning/cloudy/building/3x/frame_4725.compare.jpg,2.14009952545166,328.9554748535156,0.001247829861111111,1.1782389879226685,8.886093139648438,8.874411582946777,107.95159912109375,55.08696746826172,20.28101921081543,5.393764972686768,465.2227783203125,0.005394965277777778,1.2982689142227173,8.725552558898926,9.071255683898926,108.23019409179688,55.50372314453125,21.083593368530273,0.27859267592430115,0.3144054710865021,0.5049294829368591,1.309859275817871,4.0,9.115140998469236,68.29049682617188,50.0,8.833462774248611,47.538665771484375,59.20517349243164,-0.2816782242206255,-20.7518310546875,9.20517349243164,2.5203337081009973,,1.1018723090395026,0.9819335023585108,1.022181087626182,edge_oversharpening_or_ringing,1
morning/cloudy/building/5x/frame_4875.png,morning,cloudy,building,5x,1920,1080,320,180,1280,720,input_crop_320x180/morning/cloudy/building/5x/frame_4875.png,bicubic/morning/cloudy/building/5x/frame_4875.png,pred_deploy_gpu/morning/cloudy/building/5x/frame_4875.png,morning/cloudy/building/5x/frame_4875.compare.jpg,1.888200044631958,255.97457885742188,0.0010666232638888889,1.0212334394454956,8.988058090209961,7.026157379150391,84.3327407836914,38.732215881347656,26.133220672607422,5.204853057861328,351.84967041015625,0.0034016927083333334,1.0958055257797241,9.812253952026367,7.097453594207764,84.52764892578125,39.09895324707031,26.429973602294922,0.1949034333229065,0.24278435111045837,0.48006293177604675,1.1564384698867798,4.0,8.94389613076475,69.21078491210938,94.55625915527344,8.781590212380628,41.5975341796875,53.636985778808594,-0.16230591838412245,-27.613250732421875,-40.919273376464844,2.756515694753011,,1.0730215868907693,1.0916989914333268,1.0101472556349136,edge_oversharpening_or_ringing,1
morning/cloudy/building/7x/frame_5025.png,morning,cloudy,building,7x,1920,1080,320,180,1280,720,input_crop_320x180/morning/cloudy/building/7x/frame_5025.png,bicubic/morning/cloudy/building/7x/frame_5025.png,pred_deploy_gpu/morning/cloudy/building/7x/frame_5025.png,morning/cloudy/building/7x/frame_5025.compare.jpg,1.9977778196334839,88.60968780517578,0.0,1.023345708847046,0.0,3.877371311187744,80.39437866210938,18.678075790405273,20.049049377441406,3.5064311027526855,46.20325469970703,0.0,0.6052093505859375,0.0,3.103586435317993,80.6106948852539,18.696300506591797,20.32206153869629,0.21632377803325653,0.23696190118789673,0.3753434121608734,1.1708427667617798,3.0,9.011194352730834,62.26055908203125,59.97137451171875,9.39994046051807,39.7850341796875,27.9180850982666,0.3887461077872363,-22.47552490234375,-32.05328941345215,1.75516569875422,,0.5914026368154683,,0.8004357040459147,edge_oversharpening_or_ringing,1
morning/cloudy/mixed/1x/frame_0175.png,morning,cloudy,mixed,1x,1920,1080,320,180,1280,720,input_crop_320x180/morning/cloudy/mixed/1x/frame_0175.png,bicubic/morning/cloudy/mixed/1x/frame_0175.png,pred_deploy_gpu/morning/cloudy/mixed/1x/frame_0175.png,morning/cloudy/mixed/1x/frame_0175.compare.jpg,7.794820785522461,1501.458251953125,0.014657118055555555,4.209383010864258,9.528040885925293,13.155933380126953,112.3827133178711,21.195205688476562,37.2039680480957,18.193103790283203,2186.87841796875,0.033461371527777777,4.210911750793457,11.298990249633789,13.5004301071167,112.65504455566406,22.82041358947754,39.13605880737305,0.2723122835159302,0.34645140171051025,0.7248480916023254,3.410442590713501,10.0,8.926734281200257,66.53887939453125,83.37442779541016,7.569485404315769,53.18890380859375,76.722412109375,-1.3572488768844888,-13.3499755859375,-6.652015686035156,2.3339989835396557,2.282943440923897,1.0003631743477022,1.1858671037321555,1.026185654566337,edge_oversharpening_or_ringing,1
morning/cloudy/mixed/3x/frame_0525.png,morning,cloudy,mixed,3x,1920,1080,320,180,1280,720,input_crop_320x180/morning/cloudy/mixed/3x/frame_0525.png,bicubic/morning/cloudy/mixed/3x/frame_0525.png,pred_deploy_gpu/morning/cloudy/mixed/3x/frame_0525.png,morning/cloudy/mixed/3x/frame_0525.compare.jpg,5.672585487365723,1045.147705078125,0.0047005208333333335,3.5700864791870117,9.963460922241211,10.870729446411133,126.58578491210938,17.789541244506836,31.660789489746094,12.334486961364746,1427.28857421875,0.019224175347222223,3.111543893814087,10.756630897521973,10.59952449798584,127.03741455078125,19.07293701171875,33.14692687988281,0.4516493082046509,0.4562404453754425,0.6467263698577881,3.2944188117980957,10.0,9.187995749541289,68.82147216796875,81.20800018310547,8.030262391992306,53.5709228515625,69.46217346191406,-1.1577333575489828,-15.25054931640625,-11.745826721191406,2.174403010556078,4.089796860572484,0.8715598100925148,1.0796078773702205,0.9750518169215564,edge_oversharpening_or_ringing,1
morning/cloudy/mixed/5x/frame_0775.png,morning,cloudy,mixed,5x,1920,1080,320,180,1280,720,input_crop_320x180/morning/cloudy/mixed/5x/frame_0775.png,bicubic/morning/cloudy/mixed/5x/frame_0775.png,pred_deploy_gpu/morning/cloudy/mixed/5x/frame_0775.png,morning/cloudy/mixed/5x/frame_0775.compare.jpg,6.783348083496094,1414.814453125,0.00829861111111111,4.132726669311523,9.006699562072754,14.686736106872559,131.94354248046875,27.655057907104492,30.971349716186523,14.399889945983887,1805.460205078125,0.023065321180555556,3.657951831817627,10.735471725463867,14.438167572021484,132.34706115722656,28.852861404418945,32.293087005615234,0.4035015106201172,0.42868825793266296,0.7272970676422119,3.7950503826141357,11.0,8.923001069801611,66.11505126953125,79.6452407836914,7.73691547017079,54.90875244140625,72.2182388305664,-1.1860855996308208,-11.206298828125,-7.427001953125,2.1228292826397723,2.779419456066946,0.8851182583596825,1.191942914435714,0.9830753046121147,edge_oversharpening_or_ringing,1
morning/cloudy/mixed/7x/frame_0975.png,morning,cloudy,mixed,7x,1920,1080,320,180,1280,720,input_crop_320x180/morning/cloudy/mixed/7x/frame_0975.png,bicubic/morning/cloudy/mixed/7x/frame_0975.png,pred_deploy_gpu/morning/cloudy/mixed/7x/frame_0975.png,morning/cloudy/mixed/7x/frame_0975.compare.jpg,5.775774955749512,949.1557006835938,0.0023231336805555557,3.515460968017578,8.04328441619873,11.846465110778809,134.11070251464844,28.29171371459961,38.49099349975586,8.157817840576172,762.129150390625,0.009820963541666667,2.248167037963867,9.219202041625977,9.96448802947998,134.59573364257812,28.388118743896484,39.5652961730957,0.48502278327941895,0.48961466550827026,0.676793098449707,3.548107385635376,10.0,8.546294134506477,66.20843505859375,78.73857116699219,7.870799760954349,54.4615478515625,63.66035842895508,-0.6754943735521275,-11.74688720703125,-15.07821273803711,1.4124196152163873,4.2274638019617,0.6395084623088968,1.1461986875733268,0.8411359790705446,edge_oversharpening_or_ringing,1
morning/cloudy/road_shaded/1x/frame_2275.png,morning,cloudy,road_shaded,1x,1920,1080,320,180,1280,720,input_crop_320x180/morning/cloudy/road_shaded/1x/frame_2275.png,bicubic/morning/cloudy/road_shaded/1x/frame_2275.png,pred_deploy_gpu/morning/cloudy/road_shaded/1x/frame_2275.png,morning/cloudy/road_shaded/1x/frame_2275.compare.jpg,14.055325508117676,3803.49072265625,0.02884982638888889,5.206508636474609,14.031009674072266,23.675607681274414,95.37677001953125,70.94082641601562,56.18031311035156,38.730743408203125,5753.77734375,0.04414279513888889,6.36637020111084,14.512775421142578,25.852336883544922,95.53527069091797,72.78569793701172,57.915199279785156,0.15851128101348877,0.48951441049575806,1.0104361772537231,3.842587947845459,14.0,8.156295979151716,66.0487060546875,85.78826904296875,6.846121753782581,54.0543212890625,76.53372192382812,-1.3101742253691349,-11.994384765625,-9.254547119140625,2.755592062655121,1.5300887618474501,1.2227714665660454,1.0343357861095743,1.0919397394809904,noise_or_false_texture_amplification;edge_oversharpening_or_ringing;large_local_deviation_from_bicubic,3
morning/cloudy/road_shaded/3x/frame_3575.png,morning,cloudy,road_shaded,3x,1920,1080,320,180,1280,720,input_crop_320x180/morning/cloudy/road_shaded/3x/frame_3575.png,bicubic/morning/cloudy/road_shaded/3x/frame_3575.png,pred_deploy_gpu/morning/cloudy/road_shaded/3x/frame_3575.png,morning/cloudy/road_shaded/3x/frame_3575.compare.jpg,6.584400653839111,1404.893310546875,0.009280598958333334,3.113823413848877,14.669297218322754,12.271745681762695,146.87176513671875,29.428071975708008,3.793612241744995,17.728986740112305,2022.3240966796875,0.01222439236111111,2.5996501445770264,15.09791374206543,11.438267707824707,147.5884246826172,30.544410705566406,5.149121284484863,0.7166916131973267,0.7233739495277405,0.519457995891571,2.9179532527923584,9.0,8.587547404241759,69.84161376953125,83.19046020507812,8.310104501702027,55.00225830078125,65.34790802001953,-0.27744290253973247,-14.83935546875,-17.842552185058594,2.6925741114759187,1.3171986437507306,0.8348739793704933,1.0292186133639252,0.9320815476826058,edge_oversharpening_or_ringing,1
morning/cloudy/road_shaded/5x/frame_2775.png,morning,cloudy,road_shaded,5x,1920,1080,320,180,1280,720,input_crop_320x180/morning/cloudy/road_shaded/5x/frame_2775.png,bicubic/morning/cloudy/road_shaded/5x/frame_2775.png,pred_deploy_gpu/morning/cloudy/road_shaded/5x/frame_2775.png,morning/cloudy/road_shaded/5x/frame_2775.compare.jpg,12.848711013793945,3307.8564453125,0.032807074652777775,4.802621841430664,13.2763090133667,20.15235710144043,85.31668090820312,58.93585205078125,79.3647689819336,35.17298889160156,5200.236328125,0.0469921875,5.9204888343811035,15.252378463745117,22.041736602783203,85.4448471069336,60.680477142333984,81.80447387695312,0.12815538048744202,0.3254237473011017,1.0072542428970337,3.6761577129364014,14.0,8.186006374026373,63.03802490234375,85.82080841064453,6.986943671642997,43.82672119140625,76.86055755615234,-1.199062702383376,-19.2113037109375,-8.960250854492188,2.7374721755233673,1.4323796924094594,1.2327618184107194,1.148841778870083,1.093754764856153,noise_or_false_texture_amplification;edge_oversharpening_or_ringing;large_local_deviation_from_bicubic,3
morning/cloudy/road_shaded/7x/frame_3875.png,morning,cloudy,road_shaded,7x,1920,1080,320,180,1280,720,input_crop_320x180/morning/cloudy/road_shaded/7x/frame_3875.png,bicubic/morning/cloudy/road_shaded/7x/frame_3875.png,pred_deploy_gpu/morning/cloudy/road_shaded/7x/frame_3875.png,morning/cloudy/road_shaded/7x/frame_3875.compare.jpg,1.919104814529419,142.74063110351562,0.0006195746527777778,0.8641003966331482,7.946923732757568,5.615896224975586,114.41368103027344,46.570167541503906,21.967920303344727,3.551755666732788,152.79823303222656,0.0013172743055555555,0.6642575860023499,7.976100921630859,5.211305618286133,114.7716064453125,46.83185958862305,22.775774002075195,0.3579014837741852,0.3957880437374115,0.4521733820438385,1.0936888456344604,3.0,9.051604420544411,65.18197631835938,73.83505249023438,9.518975617460889,50.63427734375,55.39033508300781,0.46737119691647777,-14.547698974609375,-18.444717407226562,1.8507356345743466,,0.7687273244990291,1.0036715073473048,0.9279561817951485,edge_oversharpening_or_ringing,1
morning/sunny/building/1x/frame_4375.png,morning,sunny,building,1x,1920,1080,320,180,1280,720,input_crop_320x180/morning/sunny/building/1x/frame_4375.png,bicubic/morning/sunny/building/1x/frame_4375.png,pred_deploy_gpu/morning/sunny/building/1x/frame_4375.png,morning/sunny/building/1x/frame_4375.compare.jpg,9.047046661376953,2551.00927734375,0.019482421875,3.749755620956421,14.802718162536621,18.108198165893555,104.52967071533203,63.844940185546875,46.18836975097656,33.93239974975586,4145.66796875,0.02575412326388889,4.673709392547607,18.005414962768555,19.547700881958008,104.80766296386719,65.1961898803711,48.18714141845703,0.27799805998802185,0.39735540747642517,0.7439176440238953,3.1898748874664307,14.0,7.9665661921386315,61.2615966796875,85.56781768798828,6.9811644518669445,37.0902099609375,71.03319549560547,-0.985401740271687,-24.17138671875,-14.534622192382812,3.750660411050801,1.3219159008632695,1.2464037299997488,1.216358696089848,1.0794945307576613,noise_or_false_texture_amplification;edge_oversharpening_or_ringing;large_local_deviation_from_bicubic,3
morning/sunny/building/3x/frame_4475.png,morning,sunny,building,3x,1920,1080,320,180,1280,720,input_crop_320x180/morning/sunny/building/3x/frame_4475.png,bicubic/morning/sunny/building/3x/frame_4475.png,pred_deploy_gpu/morning/sunny/building/3x/frame_4475.png,morning/sunny/building/3x/frame_4475.compare.jpg,1.797706127166748,338.4830017089844,0.0015049913194444444,1.0382052659988403,12.446687698364258,6.3328070640563965,49.71227264404297,28.424863815307617,72.08967590332031,7.2802019119262695,601.491455078125,0.006115451388888889,1.326047420501709,13.440958976745605,6.663323879241943,49.83514404296875,28.913087844848633,74.70430755615234,0.1228591576218605,0.20573820173740387,0.4470165967941284,1.1884946823120117,4.0,9.085401706198395,75.9520263671875,62.73623275756836,8.85065072703483,38.6658935546875,50.72454071044922,-0.23475097916356447,-37.2861328125,-12.01169204711914,4.049717471564799,,1.2772497539067482,1.0798823994364393,1.0521912023913513,edge_oversharpening_or_ringing,1
morning/sunny/building/5x/frame_4675.png,morning,sunny,building,5x,1920,1080,320,180,1280,720,input_crop_320x180/morning/sunny/building/5x/frame_4675.png,bicubic/morning/sunny/building/5x/frame_4675.png,pred_deploy_gpu/morning/sunny/building/5x/frame_4675.png,morning/sunny/building/5x/frame_4675.compare.jpg,1.3569629192352295,177.68502807617188,0.0007823350694444444,0.6500520706176758,14.505025863647461,4.37586784362793,56.81113815307617,34.99571990966797,70.60218811035156,5.840176105499268,315.98577880859375,0.001611328125,0.8128576874732971,18.13086700439453,4.403134346008301,56.980613708496094,35.24903869628906,72.3331298828125,0.1694607138633728,0.23198369145393372,0.4570469856262207,0.9410351514816284,2.0,10.93414405690588,79.40924072265625,90.02122497558594,9.862299769156394,39.212738037109375,41.07964324951172,-1.071844287749487,-40.196502685546875,-48.94158172607422,4.303858287292575,,1.2504501165590078,1.2499713668097734,1.0062311073722385,edge_oversharpening_or_ringing,1
morning/sunny/building/7x/frame_4825.png,morning,sunny,building,7x,1920,1080,320,180,1280,720,input_crop_320x180/morning/sunny/building/7x/frame_4825.png,bicubic/morning/sunny/building/7x/frame_4825.png,pred_deploy_gpu/morning/sunny/building/7x/frame_4825.png,morning/sunny/building/7x/frame_4825.compare.jpg,2.6047093868255615,326.9965515136719,0.0012261284722222222,1.498788595199585,11.425153732299805,6.738239765167236,99.0513687133789,46.40523910522461,41.38878631591797,6.058028221130371,392.7860107421875,0.001784939236111111,1.122773289680481,17.29427719116211,6.002532005310059,99.331787109375,46.6360969543457,41.894630432128906,0.2804405391216278,0.3156536817550659,0.5585421919822693,1.7695388793945312,6.0,8.344351721800402,61.126739501953125,76.01371765136719,8.384382441294285,43.96343994140625,46.71034240722656,0.04003071949388293,-17.163299560546875,-29.303375244140625,2.3257981300222803,,0.7491205185818536,1.51370192440123,0.8908160312637794,edge_oversharpening_or_ringing,1
morning/sunny/dark/1x/frame_3425.png,morning,sunny,dark,1x,1920,1080,320,180,1280,720,input_crop_320x180/morning/sunny/dark/1x/frame_3425.png,bicubic/morning/sunny/dark/1x/frame_3425.png,pred_deploy_gpu/morning/sunny/dark/1x/frame_3425.png,morning/sunny/dark/1x/frame_3425.compare.jpg,4.585635185241699,566.3642578125,0.00298828125,2.3335225582122803,7.0580244064331055,9.17187786102295,16.474275588989258,11.13448715209961,134.1673583984375,10.00478744506836,716.1804809570312,0.009376085069444444,2.323511838912964,6.263145446777344,9.387516021728516,15.835880279541016,11.531862258911133,128.5597686767578,-0.6383962631225586,0.6399524211883545,1.1975938081741333,2.3107168674468994,6.0,8.801060902370558,64.95709228515625,82.86714172363281,9.018203355837509,44.3037109375,57.10028839111328,0.21714245346695016,-20.65338134765625,-25.76685333251953,2.1817669833979667,3.1376180101670297,0.9957100396291066,0.8873793977063523,1.0235107972405464,edge_oversharpening_or_ringing,1
morning/sunny/dark/7x/frame_4275.png,morning,sunny,dark,7x,1920,1080,320,180,1280,720,input_crop_320x180/morning/sunny/dark/7x/frame_4275.png,bicubic/morning/sunny/dark/7x/frame_4275.png,pred_deploy_gpu/morning/sunny/dark/7x/frame_4275.png,morning/sunny/dark/7x/frame_4275.compare.jpg,3.3446333408355713,356.0450744628906,0.0005783420138888889,1.9028592109680176,6.686309814453125,8.134453773498535,13.531023979187012,9.906197547912598,150.77069091796875,7.207160472869873,460.6954650878906,0.004913194444444445,1.920156717300415,6.063590049743652,8.386113166809082,12.814255714416504,10.359127044677734,145.59046936035156,-0.7167686820030212,0.7180824875831604,1.1018527746200562,2.089235305786133,6.0,8.79695686611066,65.5391845703125,84.78641510009766,8.795873010744007,45.72052001953125,47.506263732910156,-0.0010838553666534523,-19.81866455078125,-37.2801513671875,2.1548432185004014,,1.009090271225898,0.9068664507044825,1.0309374667701026,edge_oversharpening_or_ringing,1
morning/sunny/flat/1x/frame_0225.png,morning,sunny,flat,1x,1920,1080,320,180,1280,720,input_crop_320x180/morning/sunny/flat/1x/frame_0225.png,bicubic/morning/sunny/flat/1x/frame_0225.png,pred_deploy_gpu/morning/sunny/flat/1x/frame_0225.png,morning/sunny/flat/1x/frame_0225.compare.jpg,13.350301742553711,2391.8154296875,0.031689453125,6.454493045806885,8.774311065673828,14.34632682800293,153.5015869140625,14.837949752807617,0.0,21.478776931762695,2280.90234375,0.05397786458333333,5.541492462158203,8.032145500183105,13.506278991699219,154.123291015625,14.5641508102417,4.25320291519165,0.6216645240783691,0.6224395632743835,0.8723741173744202,3.9693915843963623,11.0,10.770619482973384,72.71701049804688,80.59821319580078,9.36930546101593,67.5003662109375,78.98807525634766,-1.4013140219574538,-5.216644287109375,-1.610137939453125,1.6088607842697442,1.7033384694401643,0.8585480568079927,0.9154160868088932,0.9414450927840288,edge_oversharpening_or_ringing,1
morning/sunny/flat/3x/frame_1375.png,morning,sunny,flat,3x,1920,1080,320,180,1280,720,input_crop_320x180/morning/sunny/flat/3x/frame_1375.png,bicubic/morning/sunny/flat/3x/frame_1375.png,pred_deploy_gpu/morning/sunny/flat/3x/frame_1375.png,morning/sunny/flat/3x/frame_1375.compare.jpg,5.49159049987793,648.5693359375,0.00037977430555555556,3.352097272872925,6.570338249206543,6.465356826782227,151.1893768310547,6.798345565795898,0.0,4.178056240081787,64.09635925292969,0.00012369791666666668,0.9294368624687195,4.2017083168029785,2.0364575386047363,151.86155700683594,2.5610764026641846,2.175917863845825,0.6721777319908142,0.6735982894897461,0.6103732585906982,3.9450290203094482,11.0,9.623332436176604,70.51959228515625,74.66870880126953,8.155875414330286,50.67108154296875,51.793678283691406,-1.467457021846318,-19.8485107421875,-22.875030517578125,0.7608098674099352,,0.27727025405564765,0.6394965003986501,0.3149799142050247,no_strong_failure_signal,0
morning/sunny/flat/5x/frame_1675.png,morning,sunny,flat,5x,1920,1080,320,180,1280,720,input_crop_320x180/morning/sunny/flat/5x/frame_1675.png,bicubic/morning/sunny/flat/5x/frame_1675.png,pred_deploy_gpu/morning/sunny/flat/5x/frame_1675.png,morning/sunny/flat/5x/frame_1675.compare.jpg,5.742318630218506,707.6905517578125,0.0002777777777777778,3.530231475830078,6.624009609222412,6.822811126708984,152.2559051513672,7.05186653137207,0.0,4.389934539794922,71.67800903320312,0.0,0.985450804233551,0.0,2.1221790313720703,152.92498779296875,2.413172960281372,2.2806954383850098,0.6690831184387207,0.6703214049339294,0.6275038123130798,4.174011707305908,11.0,9.982287085499687,72.07476806640625,76.08968353271484,8.320938528102777,52.1961669921875,52.23857879638672,-1.6613485573969093,-19.87860107421875,-23.851104736328125,0.7644881488625922,,0.279146229073219,0.0,0.3110417380695856,no_strong_failure_signal,0
morning/sunny/flat/7x/frame_2225.png,morning,sunny,flat,7x,1920,1080,320,180,1280,720,input_crop_320x180/morning/sunny/flat/7x/frame_2225.png,bicubic/morning/sunny/flat/7x/frame_2225.png,pred_deploy_gpu/morning/sunny/flat/7x/frame_2225.png,morning/sunny/flat/7x/frame_2225.compare.jpg,6.404531478881836,792.34423828125,0.0005067274305555555,3.7262160778045654,7.044098854064941,7.138845920562744,157.54428100585938,7.343204975128174,0.07312499731779099,4.509911060333252,75.0138931274414,5.967881944444444e-05,0.993872880935669,4.988770008087158,2.1397526264190674,158.2523956298828,2.37878155708313,2.3444390296936035,0.7081738114356995,0.7094123959541321,0.6324424743652344,4.402763843536377,12.0,9.901448585440907,71.4029541015625,73.04498291015625,8.35031547431353,52.134521484375,51.48954391479492,-1.5511331111273758,-19.2684326171875,-21.555438995361328,0.7041750165807031,,0.26672443577701616,0.7082197611704848,0.29973368948273843,no_strong_failure_signal,0
morning/sunny/mixed/1x/frame_0425.png,morning,sunny,mixed,1x,1920,1080,320,180,1280,720,input_crop_320x180/morning/sunny/mixed/1x/frame_0425.png,bicubic/morning/sunny/mixed/1x/frame_0425.png,pred_deploy_gpu/morning/sunny/mixed/1x/frame_0425.png,morning/sunny/mixed/1x/frame_0425.compare.jpg,4.049141883850098,572.3888549804688,0.003212890625,2.510056257247925,9.509469985961914,7.579792499542236,123.32974243164062,29.39493179321289,9.801309585571289,7.417370319366455,636.1802368164062,0.009406467013888888,1.8251484632492065,10.362447738647461,6.492271423339844,123.64813995361328,29.723552703857422,10.695452690124512,0.31838542222976685,0.3736434578895569,0.5016975998878479,2.3483669757843018,7.0,8.873222082273864,68.3851318359375,81.37385559082031,7.864047642373718,49.379638671875,71.31536865234375,-1.0091744399001463,-19.0054931640625,-10.058486938476562,1.8318375922934322,2.9277271192164807,0.7271344847267827,1.0896977175325997,0.8565236348794415,edge_oversharpening_or_ringing,1
morning/sunny/mixed/3x/frame_0575.png,morning,sunny,mixed,3x,1920,1080,320,180,1280,720,input_crop_320x180/morning/sunny/mixed/3x/frame_0575.png,bicubic/morning/sunny/mixed/3x/frame_0575.png,pred_deploy_gpu/morning/sunny/mixed/3x/frame_0575.png,morning/sunny/mixed/3x/frame_0575.compare.jpg,3.392957925796509,301.31927490234375,4.4487847222222224e-05,2.269009590148926,6.151549339294434,5.0941877365112305,122.59347534179688,7.250032901763916,19.55894660949707,3.605990171432495,56.79116439819336,3.363715277777778e-05,0.8677467107772827,3.7843751907348633,2.671381711959839,122.98587799072266,5.784984588623047,20.681123733520508,0.39246854186058044,0.39395469427108765,0.31475043296813965,2.5233304500579834,7.0,9.188402077788469,69.87744140625,71.69609832763672,8.959305070596496,51.794677734375,42.23054885864258,-0.22909700719197268,-18.082763671875,-29.46554946899414,1.0627865863046257,,0.38243413097268064,0.6151905775283794,0.5243979708116023,no_strong_failure_signal,0
morning/sunny/mixed/5x/frame_0825.png,morning,sunny,mixed,5x,1920,1080,320,180,1280,720,input_crop_320x180/morning/sunny/mixed/5x/frame_0825.png,bicubic/morning/sunny/mixed/5x/frame_0825.png,pred_deploy_gpu/morning/sunny/mixed/5x/frame_0825.png,morning/sunny/mixed/5x/frame_0825.compare.jpg,3.8893070220947266,405.65655517578125,4.991319444444445e-05,2.6304190158843994,5.523573875427246,6.10519552230835,125.75894927978516,7.653005599975586,26.37386703491211,3.934990406036377,81.04763793945312,0.0,1.0178784132003784,0.0,3.362755537033081,126.2396469116211,5.620481967926025,27.591793060302734,0.48069337010383606,0.4832075536251068,0.43117785453796387,2.9214587211608887,8.0,9.309934953356464,68.28790283203125,71.9091567993164,8.48930582530783,52.39642333984375,50.53244400024414,-0.8206291280486333,-15.8914794921875,-21.376712799072266,1.011745892952685,,0.38696436083136637,0.0,0.5508022674696644,no_strong_failure_signal,0
morning/sunny/mixed/7x/frame_1025.png,morning,sunny,mixed,7x,1920,1080,320,180,1280,720,input_crop_320x180/morning/sunny/mixed/7x/frame_1025.png,bicubic/morning/sunny/mixed/7x/frame_1025.png,pred_deploy_gpu/morning/sunny/mixed/7x/frame_1025.png,morning/sunny/mixed/7x/frame_1025.compare.jpg,4.011552810668945,416.71990966796875,0.0,2.6110799312591553,0.0,6.287826061248779,143.09120178222656,7.988868713378906,17.982810974121094,3.788621425628662,77.02362060546875,0.0,0.9639278054237366,0.0,3.590867280960083,143.6195526123047,6.01094913482666,19.161619186401367,0.5283897519111633,0.5296729803085327,0.4214024543762207,2.9595837593078613,8.0,8.625832077945539,68.8739013671875,71.7305679321289,8.516044552935348,52.58966064453125,49.8679084777832,-0.10978752501019073,-16.28424072265625,-21.862659454345703,0.9444276579265304,,0.36916824869428505,,0.5710824768341202,no_strong_failure_signal,0
morning/sunny/road_shaded/1x/frame_1925.png,morning,sunny,road_shaded,1x,1920,1080,320,180,1280,720,input_crop_320x180/morning/sunny/road_shaded/1x/frame_1925.png,bicubic/morning/sunny/road_shaded/1x/frame_1925.png,pred_deploy_gpu/morning/sunny/road_shaded/1x/frame_1925.png,morning/sunny/road_shaded/1x/frame_1925.compare.jpg,18.58066177368164,4588.35205078125,0.039848090277777776,5.57809591293335,14.88316535949707,22.934358596801758,97.39964294433594,79.45771789550781,65.67125701904297,49.075286865234375,6774.0791015625,0.047556423611111114,6.5955681800842285,16.958826065063477,24.69478988647461,97.54751586914062,81.15544128417969,68.55001831054688,0.14790038764476776,0.5767338871955872,1.0467631816864014,3.871948719024658,15.0,8.183426131965389,65.21728515625,86.84663391113281,6.635567559189593,46.81280517578125,75.54316711425781,-1.5478585727757954,-18.40447998046875,-11.303466796875,2.6412023136197704,1.1934429800675308,1.1824049430185974,1.1394636594722716,1.076759560649686,noise_or_false_texture_amplification;edge_oversharpening_or_ringing;large_local_deviation_from_bicubic,3
morning/sunny/road_shaded/3x/frame_3075.png,morning,sunny,road_shaded,3x,1920,1080,320,180,1280,720,input_crop_320x180/morning/sunny/road_shaded/3x/frame_3075.png,bicubic/morning/sunny/road_shaded/3x/frame_3075.png,pred_deploy_gpu/morning/sunny/road_shaded/3x/frame_3075.png,morning/sunny/road_shaded/3x/frame_3075.compare.jpg,5.025331497192383,1192.3697509765625,0.013682725694444444,2.617248058319092,11.975057601928711,11.926698684692383,167.8088836669922,24.8665771484375,5.006934642791748,15.9649076461792,2018.9942626953125,0.015580512152777778,2.7891366481781006,14.590876579284668,12.391389846801758,168.54824829101562,26.558897018432617,5.773040294647217,0.7393457293510437,0.7439250349998474,0.5448193550109863,2.537872552871704,11.0,8.83016562448869,72.348876953125,89.5926742553711,9.539678195323164,55.2720947265625,62.84032440185547,0.7095125708344749,-17.0767822265625,-26.752349853515625,3.1768864710912466,1.1386994448850118,1.065675314692717,1.2184389473779778,1.0389622622650636,edge_oversharpening_or_ringing,1
morning/sunny/road_shaded/5x/frame_2275.png,morning,sunny,road_shaded,5x,1920,1080,320,180,1280,720,input_crop_320x180/morning/sunny/road_shaded/5x/frame_2275.png,bicubic/morning/sunny/road_shaded/5x/frame_2275.png,pred_deploy_gpu/morning/sunny/road_shaded/5x/frame_2275.png,morning/sunny/road_shaded/5x/frame_2275.compare.jpg,14.376179695129395,3624.98681640625,0.04551649305555556,6.071094512939453,10.983799934387207,23.657421112060547,93.1026840209961,44.36399459838867,84.51708221435547,40.02134704589844,6112.99853515625,0.07831380208333333,7.920534133911133,13.07653522491455,26.914247512817383,93.02033996582031,47.10861587524414,86.9242935180664,-0.08227430284023285,0.2614687979221344,1.1763579845428467,4.639975070953369,15.0,8.279475038333677,61.66094970703125,82.9169921875,7.159584076498763,52.10211181640625,78.47310638427734,-1.1198909618349147,-9.558837890625,-4.443885803222656,2.783865247556522,1.7205587870697052,1.304630345818193,1.1905292615514214,1.1376661634135814,noise_or_false_texture_amplification;edge_oversharpening_or_ringing;large_local_deviation_from_bicubic,3
morning/sunny/road_shaded/7x/frame_3425.png,morning,sunny,road_shaded,7x,1920,1080,320,180,1280,720,input_crop_320x180/morning/sunny/road_shaded/7x/frame_3425.png,bicubic/morning/sunny/road_shaded/7x/frame_3425.png,pred_deploy_gpu/morning/sunny/road_shaded/7x/frame_3425.png,morning/sunny/road_shaded/7x/frame_3425.compare.jpg,3.3573458194732666,439.6015625,0.001259765625,2.2414770126342773,8.344683647155762,8.10545539855957,124.39091491699219,25.430927276611328,8.386425971984863,5.05458927154541,341.10394287109375,0.002998046875,1.4111955165863037,8.858933448791504,6.84472131729126,124.7977294921875,25.560626983642578,9.484193801879883,0.4067610800266266,0.4293885827064514,0.4003390967845917,2.202303171157837,6.0,8.602035440926691,69.15771484375,66.0473861694336,8.74062026189481,55.508544921875,47.9949951171875,0.1385848209681182,-13.649169921875,-18.052391052246094,1.5055313165023982,,0.6295828637242226,1.0616260392101289,0.8444585752094377,edge_oversharpening_or_ringing,1
